etID  | Input | Late Latin | Output {GOLD}
0      | #mˌan̪d̪ˈaːre# | *#mˌɑn̪d̪ˈɑrɛ# | *#mən̪ˈa# {GOLD: #mən̪ˈa#}
1      | #sˌen̪t̪ˈiːre# | *#sˌɛn̪t̪ˈirɛ# | *#sin̪t̪ˈi# {GOLD: #sən̪t̪ˈi#}
2      | #kˌat̪ˈeːn̪a# | *#kˌɑt̪ˈen̪ɑ# | *#kəðˈɛn̪ə# {GOLD: #kaðˈɛn̪ə#}
3      | #pˌawsˈaːre# | *#pˌɑwsˈɑrɛ# | *#puzˈa# {GOLD: #puzˈa#}
4      | #d̪ˈebit̪um# | *#d̪ˈɛβet̪o# | *#d̪ˈewt̪# {GOLD: #d̪ˈɛwt̪ə#}
5      | #bˈibere# | *#bˈeβɛrɛ# | *#bˈewr# {GOLD: #bˈɛwɾə#}
6      | #pˌarˈeːt̪em# | *#pˌɑrˈet̪ɛ# | *#pəɾˈet̪# {GOLD: #pəɾˈɛt̪#}
7      | #pˈiram# | *#pˈerɑ# | *#pˈɛɾə# {GOLD: #pˈɛɾə#}
8      | #krˈist̪am# | *#krˈest̪ɑ# | *#ɡrˈest̪ə# {GOLD: #kɾˈɛst̪ə#}
9      | #sˈiliam# | *#sˈelʝɑ# | *#sˈeʎə# {GOLD: #sˈɛʎə#}
10     | #kˌapˈillum# | *#kˌɑpˈello# | *#kəβˈeʎ# {GOLD: #kəβˈɛʎ#}
11     | #ˌimpˈin̪ɡere# | *#ˌempˈeŋɟɛrɛ# | *#impˈeɲr# {GOLD: #əmpˈɛɲə#}
12     | #st̪rˈikt̪um# | *#ˌest̪rˈext̪o# | *#isrˈet̪# {GOLD: #əst̪ɾˈɛt̪#}
13     | #ˌowˈikulam# | *#ˌɔβʷˈeklɑ# | *#uβˈeʎə# {GOLD: #uβˈɛʎə#}
14     | #rˈeːɡulam# | *#rˈeɡlɑ# | *#rˈeʎə# {GOLD: #rˈɛʎə#}
15     | #kˌorrˈiɡiam# | *#kˌɔrrˈeʝʝɑ# | *#kurˈiʒə# {GOLD: #kurˈɛd͡ʒə#}
16     | #sˈikum# | *#sˈeko# | *#sˈek# {GOLD: #sˈɛk#}
17     | #wˈiːwere# | *#βʷˈiβʷɛrɛ# | *#bˈiwr# {GOLD: #bˈiwɾə#}
18     | #rˈiːwum# | *#rˈiβʷo# | *#rˈiw# {GOLD: #rˈiw#}
19     | #fˈiːlum# | *#fˈilo# | *#fˈil# {GOLD: #fˈil#}
20     | #ɡˌallˈiːn̪am# | *#ɡˌɑllˈin̪ɑ# | *#ɡəʎˈin̪ə# {GOLD: #ɡəʎin̪ə#}
21     | #bˈiːn̪um# | *#bˈin̪o# | *#bˈi# {GOLD: #bˈi#}
22     | #ˌaprˈiːlem# | *#ˌɑprˈilɛ# | *#əwrˈil# {GOLD: #əβɾˈil#}
23     | #ˌae̯st̪ˈiːwum# | *#ˌɛst̪ˈiβʷo# | *#əst̪ˈiw# {GOLD: #əst̪ˈiw#}
24     | #ˌamˈiːkum# | *#ˌɑmˈiko# | *#əmˈik# {GOLD: #əmˈik#}
25     | #spˈiːkam# | *#ˌespˈikɑ# | *#əspˈiɣə# {GOLD: #əspˈiɣə#}
26     | #bˌowˈiːn̪um# | *#bˌɔβʷˈin̪o# | *#buβˈi# {GOLD: #bˈujn̪ə#}
27     | #kˌokˈiːn̪am# | *#kˌɔcˈin̪ɑ# | *#kuzˈin̪ə# {GOLD: #kˈujn̪ə#}
28     | #krˌukˈiːkulam# | *#krˌocˈiklɑ# | *#ɡruzˈilə# {GOLD: #kɾˈujə#}
29     | #rˌeːɡˈiːn̪am# | *#rˌeʝˈin̪ɑ# | *#riʒˈin̪ə# {GOLD: #rˈejn̪ə#}
30     | #frˈiːɡid̪um# | *#frˈiɡd̪o# | *#frˈizu# {GOLD: #fɾˈɛt#}
31     | #fˈiːn̪is# | *#fˈin̪es# | *#fˈin̪s# {GOLD: #fˈin̪s#}
32     | #fˈebrem# | *#fˈɛβrɛ# | *#fˈewrə# {GOLD: #fˈeβɾə#}
33     | #t̪ˈempus# | *#t̪ˈɛmpos# | *#t̪ˈɛmpus# {GOLD: #t̪ˈems#}
34     | #lˈeporem# | *#lˈɛpɔrɛ# | *#ʎˈepr# {GOLD: #ʎˈeβɾə#}
35     | #wˈen̪t̪um# | *#βʷˈɛn̪t̪o# | *#bˈɛn̪t̪# {GOLD: #bˈen#}
36     | #wˈesperum# | *#βʷˈɛspɛro# | *#bˈespə# {GOLD: #bˈespɾə#}
37     | #hˈerbam# | *#hˈɛrbɑ# | *#ˈɛrbə# {GOLD: #ˈerbə#}
38     | #pˈersikum# | *#pˈɛrseko# | *#pˈesək# {GOLD: #pɾˈesək#}
39     | #pˈellem# | *#pˈɛllɛ# | *#pˈɛʎ# {GOLD: #pˈeʎ#}
40     | #kˌast̪ˈellum# | *#kˌɑst̪ˈɛllo# | *#kəst̪ˈɛʎ# {GOLD: #kəst̪ˈeʎ#}
41     | #ˌalˈekrem# | *#ˌɑlˈɛkrɛ# | *#əlˈeɣrə# {GOLD: #əlˈeɣɾə#}
42     | #ˈekwam# | *#ˈɛkwɑ# | *#ˈeɣwə# {GOLD: #ˈeɣwə#}
43     | #kˈae̯kum# | *#cˈɛko# | *#sˈek# {GOLD: #sˈek#}
44     | #kˈae̯lum# | *#cˈɛlo# | *#sˈɛl# {GOLD: #sˈɛl#}
45     | #fˈel# | *#fˈɛl# | *#fˈɛl# {GOLD: #fˈɛl#}
46     | #ɡˈelum# | *#ɟˈɛlo# | *#ʒˈɛl# {GOLD: #ʒˈɛl#}
47     | #mˈel# | *#mˈɛl# | *#mˈɛl# {GOLD: #mˈɛl#}
48     | #fˈerrum# | *#fˈɛrro# | *#fˈɛr# {GOLD: #fˈɛru#}
49     | #t̪ˈerram# | *#t̪ˈɛrrɑ# | *#t̪ˈɛrə# {GOLD: #t̪ˈɛrə#}
50     | #sˈerram# | *#sˈɛrrɑ# | *#sˈɛrə# {GOLD: #sərˈa#}
51     | #ˌapˈert̪um# | *#ˌɑpˈɛrt̪o# | *#əβˈɛrt̪# {GOLD: #uβˈɛrt̪#}
52     | #hˌiːbˈern̪um# | *#hˌiβˈɛrn̪o# | *#iβˈɛ# {GOLD: #iβˈɛrn#}
53     | #lˌan̪t̪ˈern̪am# | *#lˌɑn̪t̪ˈɛrn̪ɑ# | *#ʎən̪t̪ˈɛrn̪ə# {GOLD: #ʎən̪t̪ˈɛrn̪ə#}
54     | #lˌukˈern̪am# | *#lˌocˈɛrn̪ɑ# | *#ʎuzˈɛrn̪ə# {GOLD: #ʎuˈɛrn̪ə#}
55     | #mˈerulam# | *#mˈɛrlɑ# | *#mˈɛrlə# {GOLD: #mˈɛrlə#}
56     | #pˈerd̪ere# | *#pˈɛrd̪ɛrɛ# | *#pˈeðə# {GOLD: #pˈɛrd̪ɾə#}
57     | #t̪ˈert̪ium# | *#t̪ˈɛrt͡sʲʝo# | *#t̪ˈes# {GOLD: #t̪ˈɛrs#}
58     | #d̪ˈiewˈen̪eris# | *#d̪ˌixβʷˈɛn̪res# | *#d̪ixbˈɛn̪d̪rəs# {GOLD: #d̪iβˈɛn̪d̪ɾəs#}
59     | #ɡˈen̪erum# | *#ɟˈɛn̪ro# | *#ʒˈɛn̪d̪r# {GOLD: #ʒˈɛn̪d̪ɾə#}
60     | #t̪ˈen̪erum# | *#t̪ˈɛn̪ro# | *#t̪ˈɛn̪d̪r# {GOLD: #t̪ˈɛn̪d̪ɾə#}
61     | #pˈed̪em# | *#pˈɛd̪ɛ# | *#pˈew# {GOLD: #pˈɛw#}
62     | #sˈed̪et̪# | *#sˈɛd̪ɛt̪# | *#sˈew# {GOLD: #sˈɛw#}
63     | #d̪ˈekem# | *#d̪ˈɛcɛ# | *#d̪ˈes# {GOLD: #d̪ˈɛw#}
64     | #d̪ˈekimum# | *#d̪ˈɛcemo# | *#d̪ˈɛjm# {GOLD: #d̪ˈɛwmə#}
65     | #prˈet̪ium# | *#prˈɛt͡sʲʝo# | *#brˈes# {GOLD: #pɾˈɛw#}
66     | #sˈept̪em# | *#sˈɛpt̪ɛ# | *#sˈet̪ə# {GOLD: #sˈɛt#}
67     | #lˈekt̪um# | *#lˈɛxt̪o# | *#ʎˈɛjt̪# {GOLD: #ʎˈit̪#}
68     | #pˈekt̪us# | *#pˈɛxt̪os# | *#pˈɛjðus# {GOLD: #pˈit̪s#}
69     | #d̪ˌeːlˈeːkt̪um# | *#d̪ˌelˈext̪o# | *#d̪ilˈet̪# {GOLD: #d̪əlˈit#}
70     | #iˌekt̪at̪# | *#ʝˌɛxt̪ɑt̪# | *#ʒijðə# {GOLD: #ʒit̪ə#}
71     | #spˈekulum# | *#ˌespˈɛklo# | *#ispˈɛʎə# {GOLD: #əspˈiʎ#}
72     | #mˈed̪ium# | *#mˈɛʝʝo# | *#mˈeʒi# {GOLD: #mˈit͡ʃ#}
73     | #ˌekst̪ˈerius# | *#ˌɛst̪ˈɛrʝos# | *#ist̪ˈɛjɾus# {GOLD: #əst̪ˈirs#}
74     | #ˌin̪ɡˈen̪ium# | *#ˌeŋɟˈɛn̪ʝo# | *#iɲˈɛn̪ə# {GOLD: #əɲʒˈiɲ#}
75     | #fˈeriat̪# | *#fˈɛrʝɑt̪# | *#fˈɛjɾə# {GOLD: #fˈiɾə#}
76     | #lˈeɡit̪# | *#lˈɛʝet̪# | *#ʎˈɛi# {GOLD: #ʎˈit͡ʃ#}
77     | #sˈeks# | *#sˈɛxs# | *#sˈeʃ# {GOLD: #sˈis#}
78     | #t̪ˈeksit̪# | *#t̪ˈɛxset̪# | *#t̪ˈeʃ# {GOLD: #t̪ˈiʃ#}
79     | #ˈeksit̪# | *#ˈɛxset̪# | *#ˈeʃ# {GOLD: #ˈiʃ#}
80     | #kˈat̪hed̪ram# | *#kˌɑt̪ˈɛd̪rɑ# | *#kəðˈɛɾə# {GOLD: #kəðˈiɾə#}
81     | #t̪en̪eoː# | *#t̪ɛn̪ʝo# | *#t̪in̪i# {GOLD: #t̪ˈiŋk#}
82     | #wˈeːn̪ioː# | *#βʷˈen̪ʝo# | *#bˈɛn̪ə# {GOLD: #bˈiŋk#}
83     | #wˈet̪ulum# | *#βʷˈɛklo# | *#bˈɛʎə# {GOLD: #bˈeʎ#}
84     | #wˌen̪ˈi# | *#βʷˌɛn̪ˈe# | *#bin̪ˈe# {GOLD: #bˈin̪ə#}
85     | #hˈeriː# | *#hˈɛri# | *#ˈɛr# {GOLD: #əˈi#}
86     | #kˌerˈesiam# | *#cˌɛrˈɛsʝɑ# | *#siɾˈezə# {GOLD: #siɾˈeɾə#}
87     | #rˌemˈed̪ium# | *#rˌɛmˈɛʝʝo# | *#rimˈeʒi# {GOLD: #rəmˈɛj#}
88     | #ɡˈibbum# | *#ɟˈebbo# | *#ʒˈeβu# {GOLD: #ʒˈep#}
89     | #ɡˌin̪ɡˈiberi# | *#ɟˌeŋɟˈeβɛre# | *#ʒiɲˈewr# {GOLD: #ʒiɲʒˈeβɾə#}
90     | #rˈeːɡem# | *#rˈeʝɛ# | *#rˈei# {GOLD: #rˈej#}
91     | #lˈeːɡem# | *#lˈeʝɛ# | *#ʎˈei# {GOLD: #ʎˈej#}
92     | #d̪ˈied̪ˌomˈin̪ikum# | *#d̪ˈixd̪ˌɔmˈen̪eko# | *#d̪ˈixd̪umˈɛn̪k# {GOLD: #d̪iwmˈeɲʒə#}
93     | #lˈin̪ɡwɑm# | *#lˈeŋɡwɑ# | *#ʎˈeŋɡwə# {GOLD: #ʎˈeŋɡwə#}
94     | #skˈilla# | *#ˌescˈellɑ# | *#isˈeʎə# {GOLD: #əskˈeʎə#}
95     | #ˈillum# | *#ˈello# | *#ˈeʎ# {GOLD: #ˈeʎ#}
96     | #kˈin̪erem# | *#cˈen̪rɛ# | *#sˈɛn̪d̪r# {GOLD: #sˈɛn̪d̪ɾə#}
97     | #wˈirɡin̪em# | *#βʷˈerɟen̪ɛ# | *#bˈɛrʒə# {GOLD: #bˈɛrʒə#}
98     | #wˈirid̪em# | *#βʷˈerd̪ɛ# | *#bˈɛrt̪# {GOLD: #bˈɛrt#}
99     | #wˈeːlum# | *#βʷˈelo# | *#bˈɛl# {GOLD: #bˈɛl#}
100    | #wˈeːlam# | *#βʷˈelɑ# | *#bˈɛlə# {GOLD: #bˈɛlə#}
101    | #kˌan̪d̪ˈeːlam# | *#kˌɑn̪d̪ˈelɑ# | *#kən̪ˈɛlə# {GOLD: #kən̪d̪ˈɛlə#}
102    | #pˈilum# | *#pˈelo# | *#pˈɛl# {GOLD: #pˈɛl#}
103    | #t̪ˈeːlam# | *#t̪ˈelɑ# | *#t̪ˈɛlə# {GOLD: #t̪ˈɛʎə#}
104    | #wˈikiam# | *#βʷˈeccʝɑ# | *#bˈesə# {GOLD: #bɛsə#}
105    | #kˈeːreum# | *#cˈerʝo# | *#sˈɛɾə# {GOLD: #sˈiɾi#}
106    | #sˈeːpiam# | *#sˈepʝɑ# | *#sˈiʒə# {GOLD: #sˈipiə#}
107    | #kˌoe̯meːn̪t̪ˈeːrium# | *#cˌemen̪t̪ˈerʝo# | *#simt̪ˈɛɾə# {GOLD: #səmən̪t̪ˈiɾi#}
108    | #mˌon̪ast̪ˈeːrium# | *#mˌɔn̪ɑst̪ˈerʝo# | *#mun̪t̪ˈɛɾə# {GOLD: #mun̪əst̪ˈi#}
109    | #psˌalt̪ˈeːrium# | *#psˌɑɫt̪ˈerʝo# | *#səɫt̪ˈɛɾə# {GOLD: #səlt̪ˈiɾi#}
110    | #n̪ˈerwum# | *#n̪ˈɛrβʷo# | *#n̪ˈɛrp# {GOLD: #n̪ˈɛrbi#}
111    | #krˈipia# | *#krˈepʝɑ# | *#ɡrˈiʒə# {GOLD: #ɡɾˈipiə#}
112    | #fˈeːkiː# | *#fˈeci# | *#fˈes# {GOLD: #fˈiw#}
113    | #ˈibiː# | *#ˈeβi# | *#ˈew# {GOLD: #ˈi#}
114    | #mˈihiː# | *#mˈei# | *#mˈe# {GOLD: #mˈi#}
115    | #sˈibiː# | *#sˈeβi# | *#sˈew# {GOLD: #sˈi#}
116    | #st̪ˈeːt̪uiː# | *#ˌest̪ˈet̪wi# | *#ist̪ˈeðwi# {GOLD: #əst̪ˈik#}
117    | #t̪ˈeːn̪uiː# | *#t̪ˈen̪wi# | *#t̪ˈe# {GOLD: #t̪ˈiŋk#}
118    | #wˌiɡˈin̪t̪iː# | *#βʷˌeʝˈen̪t̪i# | *#biʒˈen̪t̪# {GOLD: #bˈin#}
119    | #d̪ˈia# | *#d̪ˈeɑ# | *#d̪ˈɛə# {GOLD: #d̪ˈiə#}
120    | #sˈiat̪# | *#sˈeɑt̪# | *#sˈɛə# {GOLD: #sˈiə#}
121    | #wˈiam# | *#βʷˈeɑ# | *#bˈɛə# {GOLD: #bˈiə#}
122    | #kˈin̪kt̪am# | *#cˈeŋt̪ɑ# | *#sˈeŋt̪ə# {GOLD: #sˈin̪t̪ə#}
123    | #kˈin̪ɡulam# | *#cˈeŋɡlɑ# | *#sˈeŋʎə# {GOLD: #sˈiŋɡlə#}
124    | #pin̪kt̪at̪# | *#peŋt̪ɑt̪# | *#piŋt̪ə# {GOLD: #pˈin̪t̪ə#}
125    | #ˌeksˈeːmplum# | *#ˌɛxsˈemplo# | *#iʃˈɛmblu# {GOLD: #əksˈimpli#}
126    | #mˈin̪uat̪# | *#mˈen̪wɑt̪# | *#mˈɛn̪ə# {GOLD: #mˈimbə#}
127    | #wˈid̪uam# | *#βʷˈed̪wɑ# | *#bˈezwə# {GOLD: #bˈiwðə#}
128    | #ˌepˈiskopum# | *#ˌɛpˈeskɔpo# | *#iβˈeskup# {GOLD: #bˈizbə#}
129    | #fˌamˈiliam# | *#fˌɑmˈelʝɑ# | *#fəmˈeʎə# {GOLD: #fəmˈiliə#}
130    | #lˈiːbrum# | *#lˈiβro# | *#ʎˈiwrə# {GOLD: #ʎˈiβɾə#}
131    | #mˈissam# | *#mˈessɑ# | *#mˈesə# {GOLD: #mˈisə#}
132    | #ˌoffˈikium# | *#ˌɔffˈeccʝo# | *#ufˈes# {GOLD: #ufˈisi#}
133    | #wˈit̪rum# | *#βʷˈet̪ro# | *#bˈɛr# {GOLD: #bˈiðɾə#}
134    | #ˌekklˈeːsiam# | *#ˌɛkklˈesʝɑ# | *#ikʎˈezə# {GOLD: #əzɡlˈeziə#}
135    | #ˌeksˈemplum# | *#ˌɛxsˈɛmplo# | *#iʃˈɛmblu# {GOLD: #əɡzˈemplə#}
136    | #wˌen̪ˈeːn̪um# | *#βʷˌɛn̪ˈen̪o# | *#biɾˈe# {GOLD: #bəɾˈi#}
137    | #rˌakˈeːmum# | *#rˌɑcˈemo# | *#rəzˈɛm# {GOLD: #rəˈim#}
138    | #t̪ˈin̪eam# | *#t̪ˈen̪ʝɑ# | *#t̪ˈeɲə# {GOLD: #t̪ˈiɲə#}
139    | #d̪ˈiɡit̪um# | *#d̪ˈeʝet̪o# | *#d̪ˈiʒt̪# {GOLD: #d̪ˈit#}
140    | #d̪ˈikt̪um# | *#d̪ˈext̪o# | *#d̪ˈet̪# {GOLD: #d̪ˈit̪#}
141    | #mˈiːlium# | *#mˈilʝo# | *#mˈil# {GOLD: #mˈiʎ#}
142    | #d̪ˌeˈin̪t̪us# | *#d̪ˌɛˈen̪t̪os# | *#d̪ˈɛn̪t̪us# {GOLD: #d̪ˈin̪s#}
143    | #d̪ˌeˈin̪t̪ro# | *#d̪ˌɛˈen̪t̪rɔ# | *#d̪ˈɛn̪d̪r# {GOLD: #d̪ˈin̪t̪ɾə#}
144    | #sˌubˈin̪d̪e# | *#sˌoβˈen̪d̪ɛ# | *#suβˈɛn̪# {GOLD: #suβˈin̪#}
145    | #frˈat̪re# | *#frˈɑt̪rɛ# | *#flˈar# {GOLD: #fɾˈaɾə#}
146    | #pˌalˈaːt̪ium# | *#pˌɑlˈɑt͡sʲʝo# | *#pəlˈas# {GOLD: #pəlˈaw#}
147    | #ɡˌermˈaːn̪um# | *#ɟˌɛrmˈɑn̪o# | *#ʒərmˈa# {GOLD: #ʒərmˈa#}
148    | #pˈan̪t̪ikem# | *#pˈɑn̪t̪ecɛ# | *#pˈan̪t̪əs# {GOLD: #pˈaɲʃə#}
149    | #pˈassum# | *#pˈɑsso# | *#pˈas# {GOLD: #pˈas#}
150    | #ˈarborem# | *#ˈɑrbɔrɛ# | *#ˈaβə# {GOLD: #ˈaβɾə#}
151    | #kˈarn̪em# | *#kˈɑrn̪ɛ# | *#kˈar# {GOLD: #kˈarn#}
152    | #kˈalikem# | *#kˈɑlecɛ# | *#kˈas# {GOLD: #kˈalzə#}
153    | #t̪ˈalpam# | *#t̪ˈɑɫpɑ# | *#t̪ˈaɫpə# {GOLD: #t̪ˈalp#}
154    | #ˈalt̪erum# | *#ˈɑɫt̪ɛro# | *#ˈaɫt̪ə# {GOLD: #ˈalt̪ɾə#}
155    | #fˈalkem# | *#fˈɑɫcɛ# | *#fˈaɫs# {GOLD: #fˈals#}
156    | #kˌabˈallum# | *#kˌɑβˈɑllo# | *#kəβˈaʎ# {GOLD: #kəβˈaʎ#}
157    | #ˌarˈaːn̪eam# | *#ˌɑrˈɑn̪ʝɑ# | *#əɾˈaɲə# {GOLD: #əɾˈaɲə#}
158    | #ˈan̪n̪um# | *#ˈɑn̪n̪o# | *#ˈan̪# {GOLD: #ˈaɲ#}
159    | #plˌan̪t̪ˈaːɡin̪em# | *#plˌɑn̪t̪ˈɑɡn̪ɛ# | *#plərt̪ˈaɣn̪ə# {GOLD: #plən̪t̪ˈad͡ʒə#}
160    | #lˈakweum# | *#lˈɑccʝo# | *#ʎˈas# {GOLD: #ʎˈas#}
161    | #ˈakwam# | *#ˈɑkwɑ# | *#ˈaɣwə# {GOLD: #ˈajɣwə#}
162    | #iˌakˈet̪# | *#ʝˌɑcˈɛt̪# | *#ʒəzˈɛ# {GOLD: #ʒˈɛw#}
163    | #t̪rˌahˈeːre# | *#t̪rˌɑˈerɛ# | *#rˈe# {GOLD: #t̪ɾˈɛwɾə#}
164    | #sˌapˈeːre# | *#sˌɑpˈerɛ# | *#səβˈe# {GOLD: #sˈɛβɾə#}
165    | #t̪ˈam# | *#t̪ˈɑm# | *#t̪ˈa# {GOLD: #t̪ˈen̪#}
166    | #sˈaːn̪kt̪um# | *#sˈɑŋt̪o# | *#sˈaŋt̪# {GOLD: #sˈen̪#}
167    | #pˈaleam# | *#pˈɑlʝɑ# | *#pˈaʎə# {GOLD: #pˈaʎə#}
168    | #d̪ˈakulam# | *#d̪ˈɑklɑ# | *#d̪ˈaʎə# {GOLD: #d̪ˈaʎə#}
169    | #frˈaɡulam# | *#frˈɑɡlɑ# | *#frˈaʎə# {GOLD: #fɾˈawlə#}
170    | #spˈat̪ulam# | *#ˌespˈɑklɑ# | *#əspˈaʎə# {GOLD: #əspˈaʎʎə#}
171    | #st̪ˈaːɡn̪um# | *#ˌest̪ˈɑŋn̪o# | *#əst̪ˈaɲ# {GOLD: #əst̪ˈaɲ#}
172    | #fˈaːɡeum# | *#fˈɑʝʝo# | *#fˈaʒi# {GOLD: #fˈat͡ʃ#}
173    | #bˈaiulum# | *#bˈɑʝolo# | *#bˈaʒl# {GOLD: #bˈaʎʎə#}
174    | #mˈaium# | *#mˈɑʝo# | *#mˈai# {GOLD: #mˈat͡ʃ#}
175    | #rˈad̪ium# | *#rˈɑʝʝo# | *#rˈaʒi# {GOLD: #rˈat͡ʃ#}
176    | #lˈabium# | *#lˈɑbʝo# | *#ʎˈaʒu# {GOLD: #ʎˈaβi#}
177    | #sˈapiat̪# | *#sˈɑpʝɑt̪# | *#sˈaʒə# {GOLD: #sˈapiə#}
178    | #fˈakt̪um# | *#fˈɑxt̪o# | *#fˈet̪# {GOLD: #fˈet#}
179    | #lˈakt̪em# | *#lˈɑxt̪ɛ# | *#ʎˈet̪# {GOLD: #ʎˈet#}
180    | #plˈakit̪um# | *#plˈɑxt̪o# | *#plˈet̪# {GOLD: #plˈet#}
181    | #t̪rˈakt̪um# | *#t̪rˈɑxt̪o# | *#rˈet̪# {GOLD: #t̪ɾˈet#}
182    | #werwakt̪um# | *#βʷɛrβʷɑxt̪o# | *#bərbət̪# {GOLD: #ɡwəɾˈɛt̪#}
183    | #ˈaksem# | *#ˈɑxsɛ# | *#ˈaʃ# {GOLD: #ˈeʃ#}
184    | #fˈaskiam# | *#fˈɑscʝɑ# | *#fˈasə# {GOLD: #fˈeʃə#}
185    | #fˈaskem# | *#fˈɑscɛ# | *#fˈas# {GOLD: #fˈeʃ#}
186    | #frˈaːksin̪um# | *#frˈɑxsen̪o# | *#frˈaʃə# {GOLD: #fɾˈeʃə#}
187    | #lˈaksat̪# | *#lˈɑxsɑt̪# | *#ʎˈaʃə# {GOLD: #ʎˈeʃə#}
188    | #mˌat̪ˈaksam# | *#mˌɑt̪ˈɑxsɑ# | *#məðˈaʃə# {GOLD: #məðˈeʃə#}
189    | #pˈaːskere# | *#pˈɑscɛrɛ# | *#pˈasə# {GOLD: #pˈeʃə#}
190    | #t̪ˈaksum# | *#t̪ˈɑxso# | *#t̪ˈaʃ# {GOLD: #t̪ˈeʃ#}
191    | #ˈaːream# | *#ˈɑrʝɑ# | *#ˈeɾə# {GOLD: #ˈeɾə#}
192    | #kˌald̪ˈaːriam# | *#kˌɑɫd̪ˈɑrʝɑ# | *#kəɫd̪ˈɛɾə# {GOLD: #kəld̪ˈeɾə#}
193    | #ɡlˈaream# | *#ɡlˈɑrʝɑ# | *#ɡlˈɛɾə# {GOLD: #ɡlˈeɾə#}
194    | #bˈasium# | *#bˈɑsʝo# | *#bˈazi# {GOLD: #bˈes#}
195    | #ɡrˈasseum# | *#ɡrˈɑssʝo# | *#ɡrˈazu# {GOLD: #ɡɾˈeʃ#}
196    | #kˌan̪t̪ˈaːwiː# | *#kˌɑn̪t̪ˈɑβʷi# | *#kən̪t̪ˈaw# {GOLD: #kən̪t̪ˈe#}
197    | #lˈaːikum# | *#lˈɑeko# | *#ʎˈaək# {GOLD: #ʎˈek#}
198    | #mˈaɡis# | *#mˈɑʝes# | *#mˈaʒs# {GOLD: #mˈes#}
199    | #bˈassiat̪# | *#bˈɑssʝɑt̪# | *#bˈazə# {GOLD: #bˈaʃ#}
200    | #kˈapsa# | *#kˈɑpsɑ# | *#kˈapsə# {GOLD: #kˈaʃə#}
201    | #fˈaskiam# | *#fˈɑscʝɑ# | *#fˈasə# {GOLD: #fˈaʃə#}
202    | #ˈaskiam# | *#ˈɑscʝɑ# | *#ˈasə# {GOLD: #ˈaʃə#}
203    | #n̪ˈaskere# | *#n̪ˈɑscɛrɛ# | *#n̪ˈasə# {GOLD: #n̪ˈaʃə#}
204    | #n̪ˈaskere# | *#n̪ˈɑscɛrɛ# | *#n̪ˈasə# {GOLD: #n̪ˈeʃə#}
205    | #kˈapsum# | *#kˈɑpso# | *#kˈapsu# {GOLD: #kˈeʃ#}
206    | #rˈawbam# | *#rˈɑwbɑ# | *#rˈɔβə# {GOLD: #rˈɔβə#}
207    | #pˈawperem# | *#pˈɑwpɛrɛ# | *#pˈɔpr# {GOLD: #pˈɔβɾə#}
208    | #ˈawd̪it̪# | *#ˈɑwd̪et̪# | *#ˈɔw# {GOLD: #ˈɔw#}
209    | #pˈawsat̪# | *#pˈɑwsɑt̪# | *#pˈɔzə# {GOLD: #pˈɔzə#}
210    | #kˈawsam# | *#kˈɑwsɑ# | *#kˈɔzə# {GOLD: #kˈɔzə#}
211    | #ˈawsat̪# | *#ˈɑwsɑt̪# | *#ˈɔzə# {GOLD: #ɡˈɔzə#}
212    | #n̪ˈawseam# | *#n̪ˈɑwsʝɑ# | *#n̪ˈɔzə# {GOLD: #n̪ˈɔzə#}
213    | #kˈawlem# | *#kˈɑwlɛ# | *#kˈɔl# {GOLD: #kˈɔl#}
214    | #ˈawrum# | *#ˈɑwro# | *#ˈɔr# {GOLD: #ˈɔr#}
215    | #ɡˈawd̪ium# | *#ɡˈɑwʝʝo# | *#ɡˈɔʒi# {GOLD: #ɡˈɔt͡ʃ#}
216    | #ˈawkam# | *#ˈɑwkɑ# | *#ˈɔɣə# {GOLD: #ˈɔkə#}
217    | #pˈawkum# | *#pˈɑwko# | *#pˈɔk# {GOLD: #pˈɔk#}
218    | #n̪ˈawkum# | *#n̪ˈɑwko# | *#n̪ˈɔk# {GOLD: #n̪ˈɔk#}
219    | #t̪ˈabulam# | *#t̪ˈɑblɑ# | *#t̪ˈawlə# {GOLD: #t̪ˈawlə#}
220    | #pˌarˈabolam# | *#pˌɑrˈɑβɔlɑ# | *#pəɾˈawlə# {GOLD: #pəɾˈawlə#}
221    | #t̪rˈabukum# | *#t̪rˈɑβoko# | *#rˈaβk# {GOLD: #t̪ɾˈaw#}
222    | #t̪rˈawkum# | *#t̪rˈɑwko# | *#rˈɔk# {GOLD: #t̪ɾˈaw#}
223    | #d̪ˈomin̪am# | *#d̪ˈɔmen̪ɑ# | *#d̪ˈɔmn̪ə# {GOLD: #d̪ˈɔn̪ə#}
224    | #kˈomit̪em# | *#kˈɔmet̪ɛ# | *#kˈomt̪# {GOLD: #kˈomt̪ə#}
225    | #bˈowem# | *#bˈɔβʷɛ# | *#bˈɔw# {GOLD: #bˈɔw#}
226    | #ˈoperit̪# | *#ˈɔpɛret̪# | *#ˈɔpr# {GOLD: #ˈɔβɾə#}
227    | #kˈopʰin̪um# | *#kˈɔpen̪o# | *#kˈɔp# {GOLD: #kˈɔβə#}
228    | #rˈot̪am# | *#rˈɔt̪ɑ# | *#rˈɔðə# {GOLD: #rˈɔðə#}
229    | #rˌepˈost̪um# | *#rˌɛpˈɔst̪o# | *#rəβˈɔst̪# {GOLD: #rəβˈɔst#}
230    | #kˈorpus# | *#kˈɔrpos# | *#kˈɔrpus# {GOLD: #kˈɔs#}
231    | #bˈon̪um# | *#bˈɔn̪o# | *#bˈɔ# {GOLD: #bˈɔ#}
232    | #fˈon̪t̪em# | *#fˈɔn̪t̪ɛ# | *#fˈon̪t̪# {GOLD: #fˈɔn#}
233    | #pˈorkum# | *#pˈɔrko# | *#pˈɔrk# {GOLD: #pˈɔrk#}
234    | #mˈollem# | *#mˈɔllɛ# | *#mˈɔʎ# {GOLD: #mˈɔʎ#}
235    | #kˈollum# | *#kˈɔllo# | *#kˈɔʎ# {GOLD: #kˈɔʎ#}
236    | #lˈokum# | *#lˈɔko# | *#ʎˈɔk# {GOLD: #ʎˈɔk#}
237    | #fˈokum# | *#fˈɔko# | *#fˈɔk# {GOLD: #fˈɔk#}
238    | #krˈokum# | *#krˈɔko# | *#ɡrˈɔk# {GOLD: #ɡɾˈɔk#}
239    | #kˈokt̪um# | *#kˈɔxt̪o# | *#kˈujt̪# {GOLD: #kˈujt#}
240    | #ˈokt̪oː# | *#ˈɔxt̪o# | *#ˈujt̪# {GOLD: #bˈujt̪#}
241    | #ˈokulum# | *#ˈɔklo# | *#ˈɔʎə# {GOLD: #ˈuʎ#}
242    | #skˈopulum# | *#ˌeskˈɔplo# | *#əskˈɔwlu# {GOLD: #əskˈuʎ#}
243    | #t̪ˈorkulum# | *#t̪ˈɔrklo# | *#t̪ˈɔrʎu# {GOLD: #t̪ɾˈuʎ#}
244    | #wˈoleoː# | *#βʷˈɔlʝo# | *#bˈɔʎ# {GOLD: #bˈuʎ#}
245    | #fˈoliam# | *#fˈɔlʝɑ# | *#fˈɔʎə# {GOLD: #fˈuʎə#}
246    | #lˈolium# | *#lˈɔlʝo# | *#ʎˈɔʎ# {GOLD: #ʒˈuʎ#}
247    | #kˈolliɡoː# | *#kˈɔllo# | *#kˈɔʎ# {GOLD: #kˈuʎ#}
248    | #kˈoksam# | *#kˈɔxsɑ# | *#kˈɔʃə# {GOLD: #kˈuʃə#}
249    | #pˈost̪ius# | *#pˈɔst͡sʲʝos# | *#pˈɔus# {GOLD: #pˈuʃ#}
250    | #ɡrˈossia# | *#ɡrˈɔssʝɑ# | *#ɡrˈɔzə# {GOLD: #ɡɾˈuʃə#}
251    | #lˈon̪ɡeː# | *#lˈɔŋɟe# | *#ʎˈɔɲ# {GOLD: #ʎˈuɲ#}
252    | #kˈorium# | *#kˈɔrʝo# | *#kˈɔɾə# {GOLD: #kˈujr#}
253    | #hˈod̪ieː# | *#hˈɔʝʝe# | *#ˈɔʒi# {GOLD: #əβˈuj#}
254    | #t̪rˌimˈod̪iam# | *#t̪rˌemˈɔʝʝɑ# | *#rimˈɔʒə# {GOLD: #t̪ɾəmˈuʒə#}
255    | #ˌin̪ˈod̪ium# | *#ˌen̪ˈɔʝʝo# | *#in̪ˈɔʒi# {GOLD: #ən̪ˈut͡ʃ#}
256    | #pˈod̪ium# | *#pˈɔʝʝo# | *#pˈɔʒi# {GOLD: #pˈut͡ʃ#}
257    | #t̪rˈoɡiam# | *#t̪rˈɔʝʝɑ# | *#rˈɔʒə# {GOLD: #t̪ɾˈuʒə#}
258    | #plˈuwiam# | *#plˈoʝɑ# | *#plˈoʒə# {GOLD: #plˈuʒə#}
259    | #ˈod̪ium# | *#ˈɔʝʝo# | *#ˈɔʒi# {GOLD: #ˈɔj#}
260    | #rˈot̪ulum# | *#rˈɔklo# | *#rˈɔʎə# {GOLD: #rˈɔʎʎə#}
261    | #sˈomn̪ium# | *#sˈɔmn̪ʝo# | *#sˈɔn̪ɲə# {GOLD: #sˈɔmn̪i#}
262    | #n̪ˈokt̪em# | *#n̪ˈɔxt̪ɛ# | *#n̪ˈujt̪# {GOLD: #n̪ˈit#}
263    | #n̪ˈoket̪# | *#n̪ˈɔcɛt̪# | *#n̪ˈɔs# {GOLD: #n̪ˈɔw#}
264    | #kˈomput̪at̪# | *#kˈɔmpot̪ɑt̪# | *#kˈompuðə# {GOLD: #kˈomt̪ə#}
265    | #mˈon̪t̪em# | *#mˈɔn̪t̪ɛ# | *#mˈon̪t̪# {GOLD: #mˈɔn̪#}
266    | #kˈomparat̪# | *#kˈɔmpɑrɑt̪# | *#kˈompəɾə# {GOLD: #kˈompɾə#}
267    | #jˈokat̪# | *#ʝˈɔkɑt̪# | *#ʒˈɔɣə# {GOLD: #ʒˈuɣə#}
268    | #lˈupum# | *#lˈopo# | *#ʎˈop# {GOLD: #ʎˈop#}
269    | #rˈoːbure# | *#rˈoβorɛ# | *#ˈowr# {GOLD: #rˈowɾə#}
270    | #iˈuwen̪em# | *#ʝˈoβʷɛn̪ɛ# | *#ʒˈow# {GOLD: #ʒˈoβə#}
271    | #pˈoːma# | *#pˈomɑ# | *#pˈomə# {GOLD: #pˈomə#}
272    | #ˈumbram# | *#ˈombrɑ# | *#ˈombrə# {GOLD: #ˈombɾə#}
273    | #plˈumbum# | *#plˈombo# | *#plˈom# {GOLD: #plˈom#}
274    | #n̪ˌepˈoːt̪em# | *#n̪ˌɛpˈot̪ɛ# | *#n̪ˈot̪# {GOLD: #n̪əβˈot#}
275    | #t̪ˈoːt̪t̪um# | *#t̪ˈot̪t̪o# | *#t̪ˈot̪u# {GOLD: #t̪ˈot̪#}
276    | #ˌarbˈut̪eum# | *#ˌɑrbˈot͡sʲʝo# | *#ərbˈos# {GOLD: #ərbˈos#}
277    | #pˈut̪eum# | *#pˈot͡sʲʝo# | *#pˈos# {GOLD: #pˈow#}
278    | #mˈuskam# | *#mˈoskɑ# | *#mˈoskə# {GOLD: #mˈoskə#}
279    | #t̪ˈussem# | *#t̪ˈossɛ# | *#t̪ˈos# {GOLD: #t̪ˈos#}
280    | #ˌan̪ɡˈust̪iam# | *#ˌɑŋɡˈost͡sʲʝɑ# | *#əŋɡˈosə# {GOLD: #əŋɡˈoʃə#}
281    | #ˈun̪d̪am# | *#ˈon̪d̪ɑ# | *#ˈon̪ə# {GOLD: #ˈon̪ə#}
282    | #mˈun̪d̪um# | *#mˈon̪d̪o# | *#mˈon̪# {GOLD: #mˈon#}
283    | #rˌot̪ˈun̪d̪um# | *#rˌɔt̪ˈon̪d̪o# | *#ruðˈon̪# {GOLD: #ruðˈo#}
284    | #lˌiɡˈoːn̪em# | *#lˌeɣˈon̪ɛ# | *#ʎəɣˈo# {GOLD: #ʎəɣˈo#}
285    | #fˌawˈoːn̪ium# | *#fˌɑˈon̪ʝo# | *#fˈun̪ə# {GOLD: #fəɣˈoɲ#}
286    | #kˌot̪ˈoːn̪eum# | *#kˌɔt̪ˈon̪ʝo# | *#kuðˈun̪ə# {GOLD: #kuðˈoɲ#}
287    | #wˌereːkˈun̪d̪iam# | *#βʷˌɛrekˈon̪ɟʝɑ# | *#bərkˈuɲə# {GOLD: #bərɡˈoɲə#}
288    | #ɡˈulam# | *#ɡˈolɑ# | *#ɡˈolə# {GOLD: #ɡˈolə#}
289    | #sˈulkum# | *#sˈoɫko# | *#sˈoɫk# {GOLD: #sˈolk#}
290    | #sˈulfure# | *#sˈoɫforɛ# | *#sˈoɫfə# {GOLD: #sˈofɾə#}
291    | #mˈult̪um# | *#mˈoɫt̪o# | *#mˈoɫt̪# {GOLD: #mˈol#}
292    | #d̪iˈurn̪um# | *#ɟʝˈorn̪o# | *#ʒˈor# {GOLD: #ʒˈorn#}
293    | #fˈurn̪um# | *#fˈorn̪o# | *#fˈor# {GOLD: #fˈorn#}
294    | #t̪ˌon̪sˈoːrias# | *#t̪ˌɔn̪sˈorʝɑs# | *#t̪uzˈojɾəs# {GOLD: #t̪izˈoɾəs#}
295    | #kˈursum# | *#kˈorso# | *#kˈos# {GOLD: #kˈos#}
296    | #sˈurd̪um# | *#sˈord̪o# | *#sˈort̪# {GOLD: #sˈort#}
297    | #bˈukkam# | *#bˈokkɑ# | *#bˈokə# {GOLD: #bˈokə#}
298    | #ɡen̪ˈukulum# | *#ɟɛn̪ˈoklo# | *#ʒin̪ˈoʎə# {GOLD: #ʒən̪ˈoʎ#}
299    | #iˈuɡum# | *#ʝˈoɣo# | *#ʒˈox# {GOLD: #ʒˈow#}
300    | #bˈuksum# | *#bˈoxso# | *#bˈoʃ# {GOLD: #bˈoʃ#}
301    | #sˈuam# | *#sˈoɑ# | *#sˈuə# {GOLD: #sˈuə#}
302    | #d̪ˈuaːs# | *#d̪ˈoɑs# | *#d̪ˈuəs# {GOLD: #d̪ˈuəs#}
303    | #iˈun̪ɡere# | *#ʝˈoŋɟɛrɛ# | *#ʒˈuɲr# {GOLD: #ʒˈuɲə#}
304    | #iˈun̪kt̪um# | *#ʝˈoŋt̪o# | *#ʒˈoŋt̪# {GOLD: #ʒˈun#}
305    | #mˈun̪ɡit̪# | *#mˈoŋɟet̪# | *#mˈuɲ# {GOLD: #mˈuɲ#}
306    | #pˈun̪kt̪am# | *#pˈoŋt̪ɑ# | *#pˈoŋt̪ə# {GOLD: #pˈun̪t̪ə#}
307    | #ˈun̪ɡulam# | *#ˈoŋɡlɑ# | *#ˈuŋʎə# {GOLD: #ˈuŋɡlə#}
308    | #pˈuɡn̪um# | *#pˈoŋn̪o# | *#pˈoɲ# {GOLD: #pˈuɲ#}
309    | #fˈuɡioː# | *#fˈoʝʝo# | *#fˈoʒi# {GOLD: #fˈut͡ʃ#}
310    | #rˌepˈud̪ium# | *#rˌɛpˈoʝʝo# | *#rˈoʒi# {GOLD: #rəβˈut͡ʃ#}
311    | #lˈukt̪am# | *#lˈoxt̪ɑ# | *#ʎˈojðə# {GOLD: #ʎˈujt̪ə#}
312    | #t̪rˈukt̪am# | *#t̪rˈoxt̪ɑ# | *#rˈojðə# {GOLD: #t̪ɾˈujt̪ə#}
313    | #kˈoːɡit̪at̪# | *#kˈoʝet̪ɑt̪# | *#kˈoʒt̪ə# {GOLD: #kˈujt̪ə#}
314    | #n̪ˈoːd̪um# | *#n̪ˈod̪o# | *#n̪ˈow# {GOLD: #n̪ˈu#}
315    | #kˈulpam# | *#kˈoɫpɑ# | *#kˈoɫpə# {GOLD: #kˈulpə#}
316    | #kˈoːd̪am# | *#kˈod̪ɑ# | *#kˈozə# {GOLD: #kˈuə#}
317    | #ˌillˈoːrum# | *#ˌellˈoro# | *#iʎˈo# {GOLD: #ʎˈur#}
318    | #ˈun̪kiam# | *#ˈoŋcʝɑ# | *#ˈuŋsə# {GOLD: #ˈun̪sə#}
319    | #t̪ˈoːt̪t̪i# | *#t̪ˈot̪t̪e# | *#t̪ˈot̪ə# {GOLD: #t̪ˈot̪#}
320    | #floːrem# | *#florɛ# | *#flur# {GOLD: #flˈɔ#}
321    | #mˌaiˈoːrem# | *#mˌɑʝˈorɛ# | *#məʒˈo# {GOLD: #məʒˈo#}
322    | #sˈoːlem# | *#sˈolɛ# | *#sˈol# {GOLD: #sˈɔl#}
323    | #rˈubeum# | *#rˈobʝo# | *#rˈoʒu# {GOLD: #rˈɔt͡ʃ#}
324    | #sˈuperat̪# | *#sˈopɛrɑt̪# | *#sˈoprə# {GOLD: #sˈɔβɾə#}
325    | #kˈuperat̪# | *#kˈopɛrɑt̪# | *#kˈoprə# {GOLD: #kˈɔβɾə#}
326    | #krˈust̪am# | *#krˈost̪ɑ# | *#ɡrˈost̪ə# {GOLD: #kɾˈɔst̪ə#}
327    | #pˌawˈoːrem# | *#pˌɑˈorɛ# | *#pˈo# {GOLD: #pˈo#}
328    | #hˈoːram# | *#hˈorɑ# | *#ˈoɾə# {GOLD: #ˈɔɾə#}
329    | #plˈoːrat̪# | *#plˈorɑt̪# | *#plˈoɾə# {GOLD: #pɫˈɔɾə#}
330    | #prˈoːd̪em# | *#prˈod̪ɛ# | *#brˈow# {GOLD: #pɾˈɔw#}
331    | #n̪ˈoːket̪# | *#n̪ˈocɛt̪# | *#n̪ˈos# {GOLD: #n̪ˈɔw#}
332    | #krˈukem# | *#krˈocɛ# | *#ɡrˈos# {GOLD: #kɾɛw#}
333    | #d̪ˈukem# | *#d̪ˈocɛ# | *#d̪ˈos# {GOLD: #d̪ˈɛw#}
334    | #wˈoːkem# | *#βʷˈocɛ# | *#bˈos# {GOLD: #bˈɛw#}
335    | #kˌon̪ˈoːskere# | *#kˌɔn̪ˈoscɛrɛ# | *#kun̪ˈosə# {GOLD: #kun̪ˈɛʃə#}
336    | #lˈuːmen̪# | *#lˈumɛ# | *#ʎˈum# {GOLD: #ʎˈum#}
337    | #n̪ˈuːbem# | *#n̪ˈuβɛ# | *#n̪ˈuw# {GOLD: #n̪ˈuw#}
338    | #fˈuːmum# | *#fˈumo# | *#fˈum# {GOLD: #fˈum#}
339    | #sˈuːberum# | *#sˈuβɛro# | *#sˈuwr# {GOLD: #sˈuɾu#}
340    | #n̪ˈuːd̪um# | *#n̪ˈud̪o# | *#n̪ˈuw# {GOLD: #n̪ˈu#}
341    | #krˈuːd̪um# | *#krˈud̪o# | *#ɡrˈuw# {GOLD: #kɾˈu#}
342    | #fˈuːsum# | *#fˈuso# | *#fˈus# {GOLD: #fˈus#}
343    | #lˈuːn̪am# | *#lˈun̪ɑ# | *#ʎˈun̪ə# {GOLD: #ʎˈun̪ə#}
344    | #mˌen̪sˈuːram# | *#mˌɛn̪sˈurɑ# | *#məzˈuɾə# {GOLD: #məzˈuɾə#}
345    | #mˌat̪ˈuːrum# | *#mˌɑt̪ˈuro# | *#məðˈu# {GOLD: #məðˈu#}
346    | #pˈuːlikem# | *#pˈulecɛ# | *#pˈus# {GOLD: #pˈusə#}
347    | #sˈuːkid̪um# | *#sˈuced̪o# | *#ˈust̪# {GOLD: #sˈud͡zew#}
348    | #ˌakˈuːkulam# | *#ˌɑkˈuklɑ# | *#əɣˈuʎə# {GOLD: #əɣˈuʎə#}
349    | #frˈuːkt̪um# | *#frˈuxt̪o# | *#frˈujt̪# {GOLD: #fɾˈujt#}
350    | #plˈuːmam# | *#plˈumɑ# | *#plˈumə# {GOLD: #plˈomə#}
351    | #brˈuːmam# | *#brˈumɑ# | *#brˈumə# {GOLD: #bɾˈomə#}
352    | #flˈuːmen̪# | *#flˈumɛ# | *#flˈum# {GOLD: #flˈum#}
353    | #t̪ˈuːferam# | *#t̪ˈufɛrɑ# | *#t̪ˈufrə# {GOLD: #t̪ˈɔfun̪ə#}
354    | #sˌiːbilˈaːre# | *#sˌiβelˈɑrɛ# | *#ʃiwlˈa# {GOLD: #ʃiwlˈa#}
355    | #hˌiːwˈern̪um# | *#hˌiβʷˈɛrn̪o# | *#iβˈɛ# {GOLD: #iβˈɛrn#}
356    | #lˌiːmit̪ˈaːre# | *#lˌimet̪ˈɑrɛ# | *#ʎimt̪ˈa# {GOLD: #ʎin̪d̪ˈa#}
357    | #kˌiːvit̪ˈaːt̪em# | *#cˌivet̪ˈɑt̪ɛ# | *#ʃiwt̪ˈat̪# {GOLD: #siwt̪ˈat#}
358    | #mˌiːrˈaːre# | *#mˌirˈɑrɛ# | *#milˈa# {GOLD: #miɾˈa#}
359    | #wˌiːkˈiːn̪um# | *#βʷˌicˈin̪o# | *#bizˈi# {GOLD: #bəˈi#}
360    | #ˌin̪d̪ˌiːwˈiːn̪at̪# | *#ˌen̪d̪ˌiβʷˈin̪ɑt̪# | *#in̪iβˈin̪ə# {GOLD: #ən̪d̪əβˈin̪ə#}
361    | #d̪ˌiːwˈiːn̪um# | *#d̪ˌiβʷˈin̪o# | *#d̪iβˈi# {GOLD: #d̪iβˈi#}
362    | #ˌaprˈiːkum# | *#ˌɑprˈiko# | *#əwrˈik# {GOLD: #əβɾˈik#}
363    | #wˌest̪ˈiːre# | *#βʷˌɛst̪ˈirɛ# | *#bəst̪ˈi# {GOLD: #bəst̪ˈi#}
364    | #plˌikˈaːre# | *#plˌekˈɑrɛ# | *#pləɣˈa# {GOLD: #pləɣˈa#}
365    | #mˌerkˈeːd̪em# | *#mˌɛrcˈed̪ɛ# | *#misˈew# {GOLD: #mərsˈɛ#}
366    | #sˌin̪kˈeːrum# | *#sˌeŋcˈero# | *#iŋsˈe# {GOLD: #sən̪sˈɛ#}
367    | #ˌae̯rˈaːmen̪# | *#ˌɛrˈɑmɛ# | *#əɾˈam# {GOLD: #əɾˈam#}
368    | #bˌilˈan̪keam# | *#bˌelˈɑŋcʝɑ# | *#bəlˈaŋsə# {GOLD: #bəlˈan̪sə#}
369    | #sˌalwˈat̪ikum# | *#sˌɑɫβʷˈɑt̪eko# | *#səɫbˈat̪k# {GOLD: #səlβˈad͡ʒə#}
370    | #ˌilikˈiːn̪am# | *#ˌelecˈin̪ɑ# | *#əʃˈin̪ə# {GOLD: #əlzˈin̪ə#}
371    | #fˌilikˈaːria# | *#fˌelekˈɑrʝɑ# | *#fikˈeɾə# {GOLD: #fəlɣˈeɾə#}
372    | #bˌasiˈaːre# | *#bˌɑsʝˈɑrɛ# | *#bəzˈa# {GOLD: #bəzˈa#}
373    | #lˌakt̪ˈuːkam# | *#lˌɑxt̪ˈukɑ# | *#ʎəðˈuɣə# {GOLD: #ʎət̪ˈuɣə#}
374    | #t̪ˌaksˈoːn̪em# | *#t̪ˌɑxsˈon̪ɛ# | *#t̪əʃˈo# {GOLD: #t̪əʃˈo#}
375    | #wˌariˈolam# | *#βʷˌɑrʝˈɔlɑ# | *#bəɾˈɔlə# {GOLD: #bəɾˈɔlə#}
376    | #ɡˌiːrˈaːre# | *#ɟˌirˈɑrɛ# | *#ʒilˈa# {GOLD: #ʒiɾˈa#}
377    | #iˌekt̪ˈaːre# | *#ʝˌɛxt̪ˈɑrɛ# | *#ʒəðˈa# {GOLD: #ʒit̪ˈa#}
378    | #lˌeːkt̪iˈoːn̪em# | *#lˌext͡sʲʝˈon̪ɛ# | *#ʎəʃˈo# {GOLD: #ʎisˈo#}
379    | #mˌeliˈoːrem# | *#mˌɛlʝˈorɛ# | *#miʎˈo# {GOLD: #miʎˈo#}
380    | #pˌeːd̪iːkˈaːre# | *#pˌed̪ikˈɑrɛ# | *#pəðkˈa# {GOLD: #pid͡ʒˈa#}
381    | #ˌin̪d̪ˌiːreːkt̪um# | *#ˌen̪d̪ˌirext̪o# | *#in̪irt̪# {GOLD: #in̪d̪ɾˈɛt̪#}
382    | #krˌeˈaːre# | *#krˌɛˈɑrɛ# | *#ɡrˈa# {GOLD: #kɾiˈa#}
383    | #kist̪ˈellam# | *#cest̪ˈɛllɑ# | *#ist̪ˈɛʎə# {GOLD: #sist̪ˈeʎə#}
384    | #fˌen̪ˈest̪ram# | *#fˌɛn̪ˈɛst̪rɑ# | *#fin̪ˈesrə# {GOLD: #fin̪ˈest̪ɾə#}
385    | #iˌuːn̪ˈiperum# | *#ʝˌun̪ˈepɛro# | *#ʒun̪ˈepr# {GOLD: #ʒin̪ˈeβɾə#}
386    | #ɡˌen̪ˈist̪am# | *#ɟˌɛn̪ˈest̪ɑ# | *#ʒin̪ˈest̪ə# {GOLD: #ʒin̪ˈest̪ə#}
387    | #d̪ˌaːmˈaskum# | *#d̪ˌɑmˈɑsko# | *#d̪əmˈask# {GOLD: #d̪umˈas#}
388    | #ˌimplˈeːre# | *#ˌemplˈerɛ# | *#imblˈe# {GOLD: #umplˈi#}
389    | #ˌiːn̪flˈaːre# | *#ˌin̪flˈɑrɛ# | *#in̪flˈa# {GOLD: #uɱflˈa#}
390    | #rˌemˌan̪ˈeːre# | *#rˌɛmˌɑn̪ˈerɛ# | *#rimən̪ˈe# {GOLD: #rumˈan̪d̪ɾə#}
391    | #fˌoe̯n̪ˈukulum# | *#fˌen̪ˈoklo# | *#fin̪ˈoʎə# {GOLD: #fun̪ˈoʎ#}
392    | #ɡˌen̪ˈukulum# | *#ɟˌɛn̪ˈoklo# | *#ʒin̪ˈoʎə# {GOLD: #ʒun̪ˈoʎ#}
393    | #rˌest̪ˈuplum# | *#rˌɛst̪ˈoplo# | *#rəst̪ˈowlu# {GOLD: #rust̪ˈoʎ#}
394    | #t̪ˈakson̪em# | *#t̪ˈɑxsɔn̪ɛ# | *#t̪ˈaʃu# {GOLD: #t̪uʃˈo#}
395    | #ˌawikˈellum# | *#ˌɑwcˈɛllo# | *#uzˈɛʎ# {GOLD: #usˈeʎ#}
396    | #ˌawd̪ˈiːre# | *#ˌɑwd̪ˈirɛ# | *#uzˈi# {GOLD: #uˈi#}
397    | #ˌawrˈikulam# | *#ˌɑwrˈeklɑ# | *#uɾˈeʎə# {GOLD: #uɾˈɛʎə#}
398    | #lˌawrˈen̪t̪ium# | *#lˌɑwrˈɛn̪t͡sʲʝo# | *#ʎuɾˈɛn̪s# {GOLD: #ʎuɾˈɛn̪s#}
399    | #ˌaɡˈust̪um# | *#ˌɑɣˈost̪o# | *#əɣˈost̪# {GOLD: #əɣˈost#}
400    | #ˌoffˌerˈiːre# | *#ˌɔffˌɛrˈirɛ# | *#ufəlˈi# {GOLD: #ufəɾˈi#}
401    | #ˌoːllˈaːrium# | *#ˌollˈɑrʝo# | *#uʎˈaɾə# {GOLD: #uʎˈe#}
402    | #ˌopˈaːkam# | *#ˌɔpˈɑkɑ# | *#uβˈaɣə# {GOLD: #uβˈaɣə#}
403    | #ˌopˈaːkum# | *#ˌɔpˈɑko# | *#uβˈak# {GOLD: #uβˈak#}
404    | #ˌorˈiːɡan̪um# | *#ˌɔrˈiɣɑn̪o# | *#uɾˈix# {GOLD: #uɾˈɛŋɡə#}
405    | #ˌurt̪ˈiːkam# | *#ˌort̪ˈikɑ# | *#urt̪ˈiɣə# {GOLD: #urt̪ˈiɣə#}
406    | #hˌospit̪ˈaːlem# | *#hˌɔspet̪ˈɑlɛ# | *#uspəðˈal# {GOLD: #ust̪ˈal#}
407    | #kˌun̪ˈiːkulum# | *#kˌon̪ˈiklo# | *#kun̪ˈilə# {GOLD: #kun̪ˈiʎ#}
408    | #d̪ˌormˈiːre# | *#d̪ˌɔrmˈirɛ# | *#d̪urmˈi# {GOLD: #d̪urmˈi#}
409    | #lˌupˈiːn̪um# | *#lˌopˈin̪o# | *#ʎuβˈi# {GOLD: #ʎuβˈi#}
410    | #mˌorsikˈaːre# | *#mˌɔrsekˈɑrɛ# | *#musəɣˈa# {GOLD: #musəɣˈa#}
411    | #n̪ˌukˈaːrium# | *#n̪ˌokˈɑrʝo# | *#n̪uɣˈaɾə# {GOLD: #n̪uɣˈe#}
412    | #n̪ˌuːt̪rˈiːre# | *#n̪ˌut̪rˈirɛ# | *#n̪ulˈi# {GOLD: #n̪uðɾˈi#}
413    | #pˌot̪ˈeːre# | *#pˌɔt̪ˈerɛ# | *#puðˈe# {GOLD: #puðˈe#}
414    | #prˌobˈaːre# | *#prˌɔβˈɑrɛ# | *#bruβˈa# {GOLD: #pɾuβˈa#}
415    | #sˌuperˈaːre# | *#sˌopɛrˈɑrɛ# | *#suʎˈa# {GOLD: #suβɾˈa#}
416    | #wˌult̪ˈoːrem# | *#βʷˌoɫt̪ˈorɛ# | *#buɫt̪ˈo# {GOLD: #bult̪ˈo#}
417    | #mˌuliˈerem# | *#mˌolʝˈɛrɛ# | *#muʎˈɛ# {GOLD: #muʎˈe#}
418    | #mˌoːd̪iˈolum# | *#mˌoʝʝˈɔlo# | *#muʒˈɔl# {GOLD: #muʒˈɔl#}
419    | #mˌoːlliˈaːre# | *#mˌollʝˈɑrɛ# | *#muʎˈa# {GOLD: #muʎˈa#}
420    | #ˌoleˈast̪rum# | *#ˌɔlʝˈɑst̪ro# | *#uʎˈasr# {GOLD: #uʎˈast̪ɾə#}
421    | #pˌun̪ɡˈeːre# | *#pˌoŋɟˈerɛ# | *#puɲˈe# {GOLD: #puɲˈi#}
422    | #kˌoːɡn̪ˈaːt̪um# | *#kˌoŋn̪ˈɑt̪o# | *#kuɲˈat̪# {GOLD: #kuɲˈat#}
423    | #ˌokt̪ˈan̪t̪am# | *#ˌɔxt̪ˈɑn̪t̪ɑ# | *#uðˈan̪t̪ə# {GOLD: #bujt̪ˈan̪t̪ə#}
424    | #kˌokʰleˈaːriam# | *#kˌɔklʝˈɑrʝɑ# | *#kukʎˈeɾə# {GOLD: #kuʎˈeɾə#}
425    | #d̪ˌubit̪ˈaːre# | *#d̪ˌoβet̪ˈɑrɛ# | *#d̪uwt̪ˈa# {GOLD: #d̪upt̪ˈa#}
426    | #jˌokˈaːre# | *#ʝˌɔkˈɑrɛ# | *#ʒuɣˈa# {GOLD: #ʒuɣˈa#}
427    | #n̪ˌowˈaːkulam# | *#n̪ˌɔβʷˈɑklɑ# | *#n̪uβˈaʎə# {GOLD: #n̪əβˈaʎə#}
428    | #lˌumbrˈiːkum# | *#lˌombrˈiko# | *#ʎumbrˈik# {GOLD: #ʎəmbɾˈik#}
429    | #kˌolˈost̪rum# | *#kˌɔlˈɔst̪ro# | *#kulˈɔsr# {GOLD: #kəlˈɔst̪ɾə#}
430    | #ˌobkˌae̯kˈaːre# | *#ˌɔbcˌɛkˈɑrɛ# | *#usəɣˈa# {GOLD: #upsəkˈa#}
431    | #ˌoffˌokˈaːre# | *#ˌɔffˌɔkˈɑrɛ# | *#ufuɣˈa# {GOLD: #əfuɣˈa#}
432    | #ˌobt̪ˌurˈaːre# | *#ˌɔbt̪ˌorˈɑrɛ# | *#ut̪ulˈa# {GOLD: #ət̪uɾˈa#}
433    | #ˌokkˌupˈaːre# | *#ˌɔkkˌopˈɑrɛ# | *#ukuβˈa# {GOLD: #əkuβˈa#}
434    | #hˌoːrolˈoɡium# | *#hˌorɔlˈɔʝʝo# | *#urlˈɔʒi# {GOLD: #rəʎˈɔd͡ʒə#}
435    | #rˌot̪ˈun̪d̪um# | *#rˌɔt̪ˈon̪d̪o# | *#ruðˈon̪# {GOLD: #rəðˈo#}
436    | #t̪ˌoːn̪sˈorias# | *#t̪ˌosˈɔrʝɑs# | *#t̪uzˈujɾəs# {GOLD: #t̪izˈoɾəs#}
437    | #pˌuːbˈillum# | *#pˌuβˈello# | *#puβˈeʎ# {GOLD: #puβˈiʎə#}
438    | #sˌud̪ˈaːre# | *#sˌod̪ˈɑrɛ# | *#suzˈa# {GOLD: #suˈa#}
439    | #skˌuːt̪ˈellam# | *#ˌeskˌut̪ˈɛllɑ# | *#əskuðˈɛʎə# {GOLD: #əskuðˈeʎə#}
440    | #pˌuːt̪ˈiːre# | *#pˌut̪ˈirɛ# | *#puðˈi# {GOLD: #puðˈi#}
441    | #lˌuːkˈiːre# | *#lˌucˈirɛ# | *#ʎuzˈi# {GOLD: #ʎuˈi#}
442    | #mˌuːrˈaliam# | *#mˌurˈɑlʝɑ# | *#muɾˈaʎə# {GOLD: #muɾˈaʎə#}
443    | #frˌuːmˈen̪t̪um# | *#frˌumˈɛn̪t̪o# | *#frumˈɛn̪t̪# {GOLD: #furmˈen#}
444    | #ruːmˈoːrem# | *#remˈorɛ# | *#rimˈo# {GOLD: #rəmˈo#}
445    | #kˌalamˈellum# | *#kˌɑlɑmˈɛllo# | *#kəmˈɛʎ# {GOLD: #kəɾəmˈeʎ#}
446    | #hˌort̪alˈiːkiam# | *#hˌɔrt̪ɑlˈiccʝɑ# | *#urt̪əlˈisə# {GOLD: #urt̪əlˈisə#}
447    | #pˌarad̪ˈiːsum# | *#pˌɑrɑd̪ˈiso# | *#pərd̪ˈis# {GOLD: #pəɾəðˈis#}
448    | #hˌort̪ulˈaːn̪um# | *#hˌɔrt̪olˈɑn̪o# | *#urt̪ulˈa# {GOLD: #urt̪ulˈa#}
449    | #fˌariːn̪ˈaːrium# | *#fˌɑrin̪ˈɑrʝo# | *#fərn̪ˈaɾə# {GOLD: #farn̪ˈe#}
450    | #mˌoliːn̪ˈaːrium# | *#mˌɔlin̪ˈɑrʝo# | *#mun̪ˈaɾə# {GOLD: #muln̪ˈe#}
451    | #bˌon̪it̪ˈaːt̪em# | *#bˌɔn̪et̪ˈɑt̪ɛ# | *#bun̪t̪ˈat̪# {GOLD: #bun̪d̪ˈat#}
452    | #ˌarkʰid̪iˈakon̪um# | *#ˌɑrceʝʝˈɑkɔn̪o# | *#əsəʒˈak# {GOLD: #ərd̪iˈakə#}
453    | #kˌerebˈellum# | *#cˌɛrɛβˈɛllo# | *#sirbˈɛʎ# {GOLD: #sərbˈeʎ#}
454    | #kˌon̪siːd̪erˈaːre# | *#kˌosid̪ɛrˈɑrɛ# | *#kuʃʎˈa# {GOLD: #kun̪siðəɾˈa#}
455    | #kˌoloːrˈaːre# | *#kˌɔlorˈɑrɛ# | *#kuʎˈa# {GOLD: #kulrˈa#}
456    | #pˌekt̪orˈaːlem# | *#pˌɛxt̪ɔrˈɑlɛ# | *#pijðuɾˈal# {GOLD: #pit̪ɾˈal#}
457    | #lˌaboːrˈaːre# | *#lˌɑβorˈɑrɛ# | *#ʎəwlˈa# {GOLD: #ʎəwɾˈa#}
458    | #kˌomput̪ˈaːre# | *#kˌɔmpot̪ˈɑrɛ# | *#kumpuðˈa# {GOLD: #kumt̪ˈa#}
459    | #ˌawellˈaːn̪am# | *#ˌɑβʷɛllˈɑn̪ɑ# | *#əβʎˈan̪ə# {GOLD: #əβəʎˈan̪ə#}
460    | #pˌet̪rikˈoːsum# | *#pˌɛt̪rekˈoso# | *#pərkˈos# {GOLD: #pəðɾəɣˈos#}
461    | #wˌolun̪t̪ˈaːt̪em# | *#βʷˌɔlon̪t̪ˈɑt̪ɛ# | *#but̪ˈat̪# {GOLD: #bulun̪t̪ˈat̪#}
462    | #pˌaːpiliˈoːn̪em# | *#pˌɑpelʝˈon̪ɛ# | *#pəpʎˈo# {GOLD: #pəpəʎˈo#}
463    | #ˌeksamin̪ˈaːre# | *#ˌɛxsɑmen̪ˈɑrɛ# | *#əʃəmn̪ˈa# {GOLD: #əʃəmən̪ˈa#}
464    | #lˌen̪ikˈaːre# | *#lˌɛn̪ekˈɑrɛ# | *#ʎin̪kˈa# {GOLD: #ʎən̪əɣˈa#}
465    | #lˌumin̪ˈariam# | *#lˌomen̪ˈɑrʝɑ# | *#ʎumn̪ˈɛɾə# {GOLD: #ʎumən̪ˈeɾə#}
466    | #n̪ˌomin̪ˈaːre# | *#n̪ˌɔmen̪ˈɑrɛ# | *#rumn̪ˈa# {GOLD: #n̪umən̪ˈa#}
467    | #t̪ˌermin̪ˈaːre# | *#t̪ˌɛrmen̪ˈɑrɛ# | *#t̪ərmən̪ˈa# {GOLD: #t̪əɾməŋˈa#}
468    | #ˌin̪ɡuin̪ˈaːlem# | *#ˌeŋɡwen̪ˈɑlɛ# | *#iŋɡwən̪ˈal# {GOLD: #əŋɡun̪ˈal#}
469    | #sˌan̪ɡuin̪ˈariam# | *#sˌɑŋɡwen̪ˈɑrʝɑ# | *#səŋɡwən̪ˈɛɾə# {GOLD: #səŋɡun̪ˈeɾə#}
470    | #sˌan̪ɡuin̪ˈoːsum# | *#sˌɑŋɡwen̪ˈoso# | *#səŋɡwən̪ˈos# {GOLD: #səŋɡun̪ˈos#}
471    | #d̪ˌormiːt̪ˈoːrium# | *#d̪ˌɔrmit̪ˈorʝo# | *#d̪urmiðˈoɾə# {GOLD: #d̪urmiðˈo#}
472    | #molin̪ariu# | *#mɔlen̪ɑrʝo# | *#mulən̪əɾi# {GOLD: #mulin̪ˈe#}
473    | #t̪rˌaːd̪it̪ˈoːrem# | *#t̪rˌɑd̪et̪ˈorɛ# | *#rəðt̪ˈo# {GOLD: #t̪ɾəiðˈo#}
474    | #kˌarrikˈaːre# | *#kˌɑrrekˈɑrɛ# | *#kərəɣˈa# {GOLD: #kərəɣˈa#}
475    | #t̪rˌemulˈaːre# | *#t̪rˌɛmolˈɑrɛ# | *#rimlˈa# {GOLD: #t̪ɾəmulˈa#}
476    | #ˌamiːkit̪ˈaːt̪em# | *#ˌɑmicet̪ˈɑt̪ɛ# | *#əmt̪ˈat̪# {GOLD: #əmist̪ˈat̪#}
477    | #kˌomˌin̪it̪iˈaːre# | *#kˌɔmˌen̪et͡sʲʝˈɑrɛ# | *#kumən̪sˈa# {GOLD: #kumən̪sˈa#}
478    | #rˌekˌuperˈaːre# | *#rˌɛkˌopɛrˈɑrɛ# | *#rəɣuʎˈa# {GOLD: #rəkuβɾˈa#}
479    | #pˌellikikˈaːre# | *#pˌɛllecekˈɑrɛ# | *#piʎəskˈa# {GOLD: #pɛsiɣˈa#}
480    | #ˈan̪at̪em# | *#ˈɑn̪ɑt̪ɛ# | *#ˈan̪t̪# {GOLD: #ˈan̪ək#}
481    | #ˌaspˈaraɡum# | *#ˌɑspˈɑro# | *#əspˈa# {GOLD: #əspˈaɾək#}
482    | #rˈaphan̪um# | *#rˈɑpɑn̪o# | *#rˈap# {GOLD: #rˈaβə#}
483    | #ˈorphan̪um# | *#ˈɔrpɑn̪o# | *#ˈɔrpə# {GOLD: #ˈɔrfə#}
484    | #ˈorɡan̪um# | *#ˈɔrɡɑn̪o# | *#ˈɔrɡə# {GOLD: #ˈɔrɡə#}
485    | #skˈan̪d̪alum# | *#ˌeskˈɑn̪d̪ɑlo# | *#əskˈan̪ul# {GOLD: #əskˈan̪d̪ul#}
486    | #kˈan̪amum# | *#kˈɑn̪ɑmo# | *#kˈarm# {GOLD: #kˈan̪əm#}
487    | #bˈalsamum# | *#bˈɑɫsɑmo# | *#bˈaɫsəm# {GOLD: #bˈaɫsəm#}
488    | #t̪ˈalamum# | *#t̪ˈɑlɑmo# | *#t̪ˈam# {GOLD: #t̪ˈaləm#}
489    | #kˈin̪era# | *#cˈen̪rɑ# | *#sˈɛn̪d̪rə# {GOLD: #sˈɛn̪d̪rə#}
490    | #ɡˈen̪ere# | *#ɟˈɛn̪rɛ# | *#ʒˈɛn̪d̪r# {GOLD: #ʒˈɛn̪əɾə#}
491    | #pˈiperem# | *#pˈepɛrɛ# | *#pˈepr# {GOLD: #pˈɛβɾə#}
492    | #lˈit̪t̪eram# | *#lˈet̪t̪ɛrɑ# | *#ʎˈet̪əɾə# {GOLD: #ʎˈɛt̪ɾə#}
493    | #kˈiːmikem# | *#cˈimecɛ# | *#ˈims# {GOLD: #ʃˈiɲʃə#}
494    | #hˈospit̪em# | *#hˈɔspet̪ɛ# | *#ˈɔspət̪# {GOLD: #ˈɔst̪ə#}
495    | #pˈulikem# | *#pˈolecɛ# | *#pˈos# {GOLD: #pˈusə#}
496    | #pˈopulum# | *#pˈɔplo# | *#pˈɔwlu# {GOLD: #pˈɔbblə#}
497    | #ˈasin̪um# | *#ˈɑsen̪o# | *#ˈas# {GOLD: #ˈazə#}
498    | #hˈomin̪em# | *#hˈɔmen̪ɛ# | *#ˈɔm# {GOLD: #ˈɔmə#}
499    | #mˈarɡin̪em# | *#mˈɑrɟen̪ɛ# | *#mˈarʒə# {GOLD: #mˈarʒə#}
500    | #ˈord̪in̪em# | *#ˈɔrd̪en̪ɛ# | *#ˈɔrd̪ə# {GOLD: #ˈord̪ə#}
501    | #t̪ˈermin̪um# | *#t̪ˈɛrmen̪o# | *#t̪ˈɛrmə# {GOLD: #t̪ˈermə#}
502    | #hˈomo# | *#hˈɔmɔ# | *#ˈɔm# {GOLD: #ˈɔm#}
503    | #n̪ˈomen̪# | *#n̪ˈɔmɛ# | *#rˈɔm# {GOLD: #n̪ˈɔm#}
504    | #krˌeskˈeːre# | *#krˌɛscˈerɛ# | *#ɡrisˈe# {GOLD: #kɾˈeʃə#}
505    | #kˈurrere# | *#kˈorrɛrɛ# | *#kˈorlə# {GOLD: #kˈorə#}
506    | #st̪rˈin̪ɡere# | *#ˌest̪rˈeŋɟɛrɛ# | *#isˈeɲr# {GOLD: #əst̪ɾˈɛɲə#}
507    | #t̪ˈorkwere# | *#t̪ˈɔrkwɛrɛ# | *#t̪ˈɔrkwə# {GOLD: #t̪ˈɔrsə#}
508    | #wˈin̪kere# | *#βʷˈeŋcɛrɛ# | *#bˈeŋsə# {GOLD: #bˈɛn̪sə#}
509    | #d̪ˌomˈin̪ikum# | *#d̪ˌɔmˈen̪eko# | *#d̪umˈɛn̪k# {GOLD: #d̪umˈɛn̪ək#}
510    | #kˈawikum# | *#kˈɑwko# | *#kˈɔk# {GOLD: #kˈaβək#}
511    | #kˈurrikum# | *#kˈorreko# | *#kˈorək# {GOLD: #kˈɔrək#}
512    | #mˈan̪ikam# | *#mˈɑn̪ekɑ# | *#mˈan̪kə# {GOLD: #mˈan̪əɣə#}
513    | #mˈan̪ikum# | *#mˈɑn̪eko# | *#mˈan̪k# {GOLD: #mˈan̪ək#}
514    | #n̪ˈit̪t̪um# | *#n̪ˈet̪t̪o# | *#n̪ˈet̪u# {GOLD: #n̪ˈɛt̪#}
515    | #n̪ˈit̪id̪um# | *#n̪ˈet̪ed̪o# | *#n̪ˈet̪# {GOLD: #n̪ˈɛðew#}
516    | #kˈupid̪um# | *#kˈoped̪o# | *#kˈopt̪# {GOLD: #kuβɔw#}
517    | #bˈifid̪um# | *#bˈefed̪o# | *#bˈeft̪# {GOLD: #bˈifi#}
518    | #rˈan̪kid̪um# | *#rˈɑŋced̪o# | *#rˈaŋsəw# {GOLD: #rˈan̪si#}
519    | #t̪ˈepid̪um# | *#t̪ˈɛped̪o# | *#t̪ˈept̪# {GOLD: #t̪ˈɛβi#}
520    | #n̪ˈubilum# | *#n̪ˈoβelo# | *#n̪ˈowl# {GOLD: #n̪ˈuβul#}
521    | #mˈuɡilem# | *#mˈoɡlɛ# | *#mˈoʎə# {GOLD: #mˈuʒul#}
522    | #pˈampulum# | *#pˈɑmplo# | *#pˈamblu# {GOLD: #pˈampul#}
523    | #ˌakrˈipʰolum# | *#ˌɑkrˈepɔlo# | *#əɣrˈeʎ# {GOLD: #ɡɾˈɛβul#}
524    | #ˌapˈost̪olum# | *#ˌɑpˈɔsklo# | *#əβˈɔʃʎu# {GOLD: #əpˈɔst̪ul#}
525    | #kˈirkulum# | *#cˈerklo# | *#sˈɛrʎu# {GOLD: #sˈɛrkul#}
526    | #ˈawun̪kulum# | *#ˈɑoŋkolo# | *#ˈauŋkul# {GOLD: #ˈoŋklə#}
527    | #sˈubt̪ulum# | *#sˈobklo# | *#sˈoβʎu# {GOLD: #sˈɔt̪il#}
528    | #ˈan̪ɡelum# | *#ˈɑŋɟɛlo# | *#ˈaɲl# {GOLD: #ˈaɲʒəl#}
529    | #ˈan̪imam# | *#ˈɑn̪emɑ# | *#ˈarmə# {GOLD: #ˈan̪imə#}
530    | #lˈakrimam# | *#lˈɑkremɑ# | *#ʎˈaɣrəmə# {GOLD: #ʎˈaɣɾimə#}
531    | #sˌan̪kt̪ˈissimum# | *#sˌɑŋt̪ˈessemo# | *#səŋt̪ˈesəm# {GOLD: #sən̪t̪ˈisim#}
532    | #ˌalt̪ˈissimum# | *#ˌɑɫt̪ˈessemo# | *#əɫt̪ˈesəm# {GOLD: #əlt̪ˈisim#}
533    | #ˈut̪ilem# | *#ˈot̪elɛ# | *#ˈoʎ# {GOLD: #ˈut̪il#}
534    | #ˌad̪n̪ˈomin̪at̪# | *#ˌɑd̪n̪ˈɔmen̪ɑt̪# | *#əðrˈɔmn̪ə# {GOLD: #ən̪umˈɛn̪ə#}
535    | #kˈarrikat̪# | *#kˈɑrrekɑt̪# | *#kˈarəɣə# {GOLD: #kˈarəɣə#}
536    | #ɡˈemikat̪# | *#ɟˈɛmekɑt̪# | *#ʒˈɛmkə# {GOLD: #ʒəmˈeɣə#}
537    | #mˈast̪ikat̪# | *#mˈɑst̪ekɑt̪# | *#mˈast̪əɣə# {GOLD: #məst̪ˈɛɣə#}
538    | #mˈorsikat̪# | *#mˈɔrsekɑt̪# | *#mˈɔsəɣə# {GOLD: #musˈɛɣə#}
539    | #rˌewiːwˈiːskulat̪# | *#rˌɛβʷiβʷˈisklɑt̪# | *#rəβˈiʃʎə# {GOLD: #rəβiskˈɔlə#}
540    | #rˈot̪ulat̪# | *#rˈɔklɑt̪# | *#rˈɔʎə# {GOLD: #ruðˈulə#}
541    | #t̪rˈemulat̪# | *#t̪rˈɛmlɑt̪# | *#rˈɛmlə# {GOLD: #t̪ɾemˈulə#}
542    | #ˈapium# | *#ˈɑpʝo# | *#ˈaʒu# {GOLD: #ˈapi#}
543    | #ˈawium# | *#ˈɑʝo# | *#ˈai# {GOLD: #ˈaβi#}
544    | #hˈord̪eum# | *#hˈɔrɟʝo# | *#ˈɔrʃ# {GOLD: #ˈɔrd̪i#}
545    | #ˈoleum# | *#ˈɔlʝo# | *#ˈɔʎ# {GOLD: #ˈɔli#}
546    | #st̪ˈud̪ium# | *#ˌest̪ˈoʝʝo# | *#əst̪ˈoʒi# {GOLD: #əst̪ˈuði#}
547    | #wˈiːn̪eam# | *#βʷˈin̪ʝɑ# | *#bˈin̪ə# {GOLD: #bˈiɲə#}
548    | #kˈan̪t̪oː# | *#kˈɑn̪t̪o# | *#kˈan̪t̪# {GOLD: #kˈan̪#}
549    | #d̪ˈulkem# | *#d̪ˈoɫcɛ# | *#d̪ˈoɫs# {GOLD: #d̪ˈols#}
550    | #ˈakrum# | *#ˈɑkro# | *#ˈaɣrə# {GOLD: #ˈaɣɾə#}
551    | #mˈaskulum# | *#mˈɑsklo# | *#mˈaʃʎu# {GOLD: #mˈasklə#}
552    | #mˈed̪ikum# | *#mˈɛd̪eko# | *#mˈeðk# {GOLD: #mˈed͡ʒə#}
553    | #pˈauperum# | *#pˈɑopɛro# | *#pˈauβə# {GOLD: #pˈɔβɾə#}
554    | #rˈumpere# | *#rˈompɛrɛ# | *#rˈompə# {GOLD: #rˈompɾə#}
555    | #fˈerrum# | *#fˈɛrro# | *#fˈɛr# {GOLD: #fˈɛrə#}
556    | #t̪ˈurrem# | *#t̪ˈorrɛ# | *#t̪ˈor# {GOLD: #t̪ˈorə#}
557    | #wˈerrem# | *#βʷˈɛrrɛ# | *#bˈɛr# {GOLD: #vˈɛrə#}
558    | #d̪ˈeum# | *#d̪ˈɛo# | *#d̪ˈɛ# {GOLD: #d̪ˈew#}
559    | #mˈeum# | *#mˈɛo# | *#mˈɛ# {GOLD: #mˈew#}
560    | #plˈaken̪t̪# | *#plˈɑcɛn̪t̪# | *#plˈas# {GOLD: #plˈawən̪#}
561    | #kˈurrun̪t̪# | *#kˈorron̪t̪# | *#kˈorə# {GOLD: #kˈorən̪#}
562    | #bˈekkum# | *#bˈɛkko# | *#bˈeku# {GOLD: #bˈek#}
563    | #bˈoream# | *#bˈɔrʝɑ# | *#bˈujɾə# {GOLD: #bˈɔjɾə#}
564    | #fˈeːn̪um# | *#fˈen̪o# | *#fˈe# {GOLD: #fˈɛ#}
565    | #fˌiːkˈaːriam# | *#fˌikˈɑrʝɑ# | *#fiɣˈeɾə# {GOLD: #fiɣˈeɾə#}
566    | #fˌorˈaːt̪um# | *#fˌɔrˈɑt̪o# | *#fuɾˈat̪# {GOLD: #fuɾˈat#}
567    | #fˈiːbulam# | *#fˈiblɑ# | *#fˈiwlə# {GOLD: #siβˈeʎə#}
568    | #wˌalˈeːre# | *#βʷˌɑlˈerɛ# | *#bəlˈe# {GOLD: #bəlˈɛ#}
569    | #wˈokem# | *#βʷˈɔcɛ# | *#bˈɔs# {GOLD: #bˈɛw#}
570    | #wˌakˈiːwam# | *#βʷˌɑcˈiβʷɑ# | *#bəzˈiβə# {GOLD: #bəsˈiβə#}
571    | #wˈaɡin̪am# | *#βʷˈɑɡn̪ɑ# | *#bˈaɣn̪ə# {GOLD: #bˈajn̪ə#}
572    | #wˌeːrˈaːt̪rum# | *#βʷˌerˈɑt̪ro# | *#bəlˈa# {GOLD: #bəlˈaðɾə#}
573    | #wˌerrˈuːkam# | *#βʷˌɛrrˈukɑ# | *#bərˈuɣə# {GOLD: #bərˈuɣə#}
574    | #wˌerˈuin̪am# | *#βʷˌɛrˈoen̪ɑ# | *#bəɾˈuən̪ə# {GOLD: #bərˈin̪ə#}
575    | #wˈokit̪um# | *#βʷˈɔket̪o# | *#bˈɔkt̪# {GOLD: #bˈujt#}
576    | #wˌolwikˈaːre# | *#βʷˌɔɫwkˈɑrɛ# | *#buɫkˈa# {GOLD: #bulkˈa#}
577    | #ˌin̪wˌolwikˈaːre# | *#ˌen̪βʷˌɔɫwkˈɑrɛ# | *#in̪buɫkˈa# {GOLD: #əmbulikˈa#}
578    | #wˌerˈikulum# | *#βʷˌɛrˈeklo# | *#biɾˈeʎə# {GOLD: #furˈoʎ#}
579    | #wˌerwˈaːkt̪um# | *#βʷˌɛrβʷˈɑxt̪o# | *#birbˈet̪# {GOLD: #ɡwəɾˈɛt#}
580    | #t̪ˌaliˈaːre# | *#t̪ˌɑlʝˈɑrɛ# | *#t̪əʎˈa# {GOLD: #t̪əʎˈa#}
581    | #t̪ˈon̪d̪ere# | *#t̪ˈɔn̪d̪ɛrɛ# | *#t̪ˈɔn̪ə# {GOLD: #t̪ˈɔn̪d̪ɾə#}
582    | #t̪rˈin̪t̪am# | *#t̪rˈen̪t̪ɑ# | *#rˈɛn̪t̪ə# {GOLD: #t̪ɾˈɛn̪t̪ə#}
583    | #t̪ˈurd̪um# | *#t̪ˈord̪o# | *#t̪ˈort̪# {GOLD: #t̪ˈort#}
584    | #tʰesˈawrum# | *#tɛsˈɑwro# | *#təzˈɔ# {GOLD: #t̪ɾəzˈɔr#}
585    | #tʰˈiam# | *#tˈeɑ# | *#tˈɛə# {GOLD: #t̪ˈiə#}
586    | #tʰrˈiskan̪# | *#trˈeskɑ# | *#drˈeskə# {GOLD: #t̪ɾəskˈa#}
587    | #t̪hˈymum# | *#t̪ˈemo# | *#t̪ˈɛm# {GOLD: #t̪ˈem#}
588    | #d̪ˈamn̪um# | *#d̪ˈɑmn̪o# | *#d̪ˈan̪# {GOLD: #d̪ˈaɲ#}
589    | #d̪ˌeːfˈeːn̪sam# | *#d̪ˌefˈesɑ# | *#d̪ifˈezə# {GOLD: #d̪əβˈɛzə#}
590    | #d̪rˌakˈon̪em# | *#d̪rˌɑkˈɔn̪ɛ# | *#rəɣˈɔ# {GOLD: #d̪ɾəɣˈo#}
591    | #d̪ˈuːrum# | *#d̪ˈuro# | *#d̪ˈur# {GOLD: #d̪ˈu#}
592    | #sˈed̪ere# | *#sˈɛd̪ɛrɛ# | *#sˈeðr# {GOLD: #sˈɛwɾə#}
593    | #sˌin̪ɡulˈaːre# | *#sˌeŋɡolˈɑrɛ# | *#siŋɡulˈa# {GOLD: #səŋɡlˈa#}
594    | #sˈort̪em# | *#sˈɔrt̪ɛ# | *#sˈɔrt̪# {GOLD: #sˈɔrt#}
595    | #sˈuːberem# | *#sˈuβɛrɛ# | *#sˈuwr# {GOLD: #sˈuɾu#}
596    | #kˈan̪n̪am# | *#kˈɑn̪n̪ɑ# | *#kˈaɲə# {GOLD: #kˈaɲə#}
597    | #kˌan̪t̪ˈaːre# | *#kˌɑn̪t̪ˈɑrɛ# | *#kən̪t̪ˈa# {GOLD: #kən̪t̪ˈa#}
598    | #kˈoːd̪am# | *#kˈod̪ɑ# | *#kˈozə# {GOLD: #kˈoə#}
599    | #kˈuppam# | *#kˈoppɑ# | *#kˈopə# {GOLD: #kˈopə#}
600    | #kˈuːpum# | *#kˈupo# | *#kˈup# {GOLD: #kˈup#}
601    | #kˈepam# | *#cˈɛpɑ# | *#sˈeβə# {GOLD: #sˈɛβə#}
602    | #kˌirkˈaːre# | *#cˌerkˈɑrɛ# | *#səkˈa# {GOLD: #sərkˈa#}
603    | #kˌikˈaːlam# | *#cˌekˈɑlɑ# | *#səɣˈalə# {GOLD: #siɣˈalə#}
604    | #kˈilia# | *#cˈelʝɑ# | *#sˈeʎə# {GOLD: #sˈɛʎə#}
605    | #kˈin̪ɡula# | *#cˈeŋɡlɑ# | *#sˈeŋʎə# {GOLD: #sˈiŋɡlə#}
606    | #kiːwit̪ˈaːt̪em# | *#ciβʷet̪ˈɑt̪ɛ# | *#ʃiwt̪ˈat̪# {GOLD: #siwt̪ˈat#}
607    | #kˈikkum# | *#cˈekko# | *#sˈeku# {GOLD: #ʃˈik#}
608    | #kˌikˈoria# | *#cˌekˈɔrʝɑ# | *#səɣˈujɾə# {GOLD: #ʃikˈɔjɾə#}
609    | #ɡˈallum# | *#ɡˈɑllo# | *#ˈaʎ# {GOLD: #ɡˈaʎ#}
610    | #ɡˈut̪t̪am# | *#ɡˈot̪t̪ɑ# | *#ɡˈot̪ə# {GOLD: #ɡˈot̪ə#}
611    | #kˈat̪t̪um# | *#kˈɑt̪t̪o# | *#kˈat̪u# {GOLD: #ɡˈat#}
612    | #kˈaweam# | *#kˈɑʝɑ# | *#kˈaʒə# {GOLD: #ɡˈaβiə#}
613    | #ɡˈippum# | *#ɟˈeppo# | *#ʒˈepu# {GOLD: #ʒˈep#}
614    | #ɡˌin̪ɡˈiːwam# | *#ɟˌeŋɟˈiβʷɑ# | *#ʒiɲˈiβə# {GOLD: #ʒən̪ˈiβə#}
615    | #iˈakere# | *#ʝˈɑkrɛ# | *#ʒˈaɣrə# {GOLD: #ʒˈawɾə#}
616    | #iˈokum# | *#ʝˈɔko# | *#ʒˈɔk# {GOLD: #ʒˈɔk#}
617    | #iˈud̪ikem# | *#ʝˈod̪ecɛ# | *#ʒˈow# {GOLD: #ʒˈud͡ʒə#}
618    | #iˌeiˈuːn̪um# | *#ʝˌɛʝˈun̪o# | *#ʒiʒˈu# {GOLD: #d̪əʒˈu#}
619    | #iˌeiˈuːn̪ium# | *#ʝˌɛʝˈun̪ʝo# | *#ʒiʒˈun̪ə# {GOLD: #d̪əʒˈun̪i#}
620    | #iˌeiuːn̪ˈaːre# | *#ʝˌɛʝen̪ˈɑrɛ# | *#ʒiʒn̪ˈa# {GOLD: #d̪əʒun̪ˈa#}
621    | #mˈan̪um# | *#mˈɑn̪o# | *#mˈa# {GOLD: #mˈa#}
622    | #mˈorsum# | *#mˈɔrso# | *#mˈɔs# {GOLD: #mˈɔs#}
623    | #n̪ˈaːsum# | *#n̪ˈɑso# | *#n̪ˈas# {GOLD: #n̪ˈas#}
624    | #n̪ˈept̪am# | *#n̪ˈɛpt̪ɑ# | *#n̪ˈet̪ə# {GOLD: #n̪ˈet̪ə#}
625    | #n̪ˈiːd̪um# | *#n̪ˈid̪o# | *#n̪ˈiw# {GOLD: #n̪ˈiw#}
626    | #n̪ˈumerum# | *#n̪ˈomɛro# | *#ˈombr# {GOLD: #n̪ˈɔmbɾə#}
627    | #mˈespilam# | *#mˈɛspelɑ# | *#mˈespələ# {GOLD: #n̪ˈesplə#}
628    | #n̪ˌekˈuːn̪um# | *#n̪ˌɛkˈun̪o# | *#n̪əɣˈu# {GOLD: #n̪iŋɡˈu#}
629    | #rˈaːd̪ere# | *#rˈɑd̪ɛrɛ# | *#ˈaðr# {GOLD: #rˈawɾə#}
630    | #rˌekˈipere# | *#rˌɛcˈepɛrɛ# | *#rizˈepr# {GOLD: #rˈɛβɾə#}
631    | #rˈikkum# | *#rˈekko# | *#rˈeku# {GOLD: #rˈik#}
632    | #rˈut̪am# | *#rˈot̪ɑ# | *#rˈoðə# {GOLD: #rˈuðə#}
633    | #rˈan̪ot̪t̪am# | *#rˈɑn̪ɔt̪t̪ɑ# | *#rˈan̪t̪ə# {GOLD: #ɡɾən̪ˈɔt̪ə#}
634    | #lˈakum# | *#lˈɑko# | *#ʎˈak# {GOLD: #ʎˈak#}
635    | #lˌen̪t̪ˈikulam# | *#lˌɛn̪t̪ˈeklɑ# | *#ʎin̪t̪ˈeʎə# {GOLD: #ʎən̪t̪ˈiʎə#}
636    | #lˌiɡˈaːre# | *#lˌeɣˈɑrɛ# | *#ʎəɣˈa# {GOLD: #ʎiɣˈa#}
637    | #lˈut̪um# | *#lˈot̪o# | *#ʎˈot̪# {GOLD: #ʎˈot#}
638    | #lˈumen̪# | *#lˈomɛ# | *#ʎˈom# {GOLD: #ʎˈum#}
639    | #lˈun̪am# | *#lˈon̪ɑ# | *#ʎˈon̪ə# {GOLD: #ʎˈun̪ə#}
640    | #lˌuskin̪iˈolum# | *#lˌoscen̪ʝˈɔlo# | *#ʎusəɲˈɔl# {GOLD: #rusiɲˈɔl#}
641    | #lˌibˈellum# | *#lˌeβˈɛllo# | *#ʎiβˈɛʎ# {GOLD: #n̪iβˈeʎ#}
642    | #lˈiːn̪eam# | *#lˈin̪ʝɑ# | *#ʎˈin̪ə# {GOLD: #ʒˈiɲə#}
643    | #lˌabrˈellum# | *#lˌɑβrˈɛllo# | *#ʎəwrˈɛʎ# {GOLD: #ʒiβɾˈeʎ#}
644    | #ˌumbilˈiːkulum# | *#ˌombelˈiklo# | *#uməɾˈilə# {GOLD: #ʎumbɾˈiɣul#}
645    | #rˈiːpam# | *#rˈipɑ# | *#rˈiβə# {GOLD: #rˈiβə#}
646    | #ˌapˈikulam# | *#ˌɑpˈeklɑ# | *#əβˈeʎə# {GOLD: #əβˈɛʎə#}
647    | #sˌaːpˈoːn̪em# | *#sˌɑpˈon̪ɛ# | *#sˈo# {GOLD: #səβˈo#}
648    | #fˈabam# | *#fˈɑβɑ# | *#fˈaβə# {GOLD: #fˈaβə#}
649    | #ɡlˈebam# | *#ɡlˈɛβɑ# | *#ɡlˈeβə# {GOLD: #ɡlˈɛβə#}
650    | #ˌabˈeːt̪em# | *#ˌɑβˈet̪ɛ# | *#əβˈet̪# {GOLD: #əβˈɛt̪#}
651    | #rˌubˈikulum# | *#rˌoβˈeklo# | *#ruβˈeʎə# {GOLD: #ruβˈɛʎ#}
652    | #pˌakifikˈaːre# | *#pˌɑcefekˈɑrɛ# | *#pəskˈa# {GOLD: #əpəjβəɣˈa#}
653    | #kˌawˈaːre# | *#kˌɑβʷˈɑrɛ# | *#kəβˈa# {GOLD: #kəβˈa#}
654    | #flˌabˈuːt̪am# | *#flˌɑβˈut̪ɑ# | *#flˈuðə# {GOLD: #flˈawt̪ə#}
655    | #sˌabˈuːkum# | *#sˌɑβˈuko# | *#sˈuk# {GOLD: #səˈuk#}
656    | #sabˈurram# | *#sɑβˈorrɑ# | *#sˈorə# {GOLD: #sˈorə#}
657    | #fˈat̪am# | *#fˈɑt̪ɑ# | *#fˈaðə# {GOLD: #fˈaðə#}
658    | #klˈet̪am# | *#klˈɛt̪ɑ# | *#klˈeðə# {GOLD: #klˈɛðə#}
659    | #kˌat̪hˈed̪ram# | *#kˌɑt̪ˈɛd̪rɑ# | *#kəðˈɛɾə# {GOLD: #kəðˈiɾə#}
660    | #lˌot̪ˈoːn̪em# | *#lˌɔt̪ˈon̪ɛ# | *#ʎuðˈo# {GOLD: #ʎəðˈo#}
661    | #krˌat̪ˈeːllas# | *#krˌɑt̪ˈellɑs# | *#ɡrəðˈeʎəs# {GOLD: #ɡɾəˈeʎəs#}
662    | #krˌat̪ˈaːlem# | *#krˌɑt̪ˈɑlɛ# | *#ɡrəðˈal# {GOLD: #ɡɾeˈalə#}
663    | #pˌat̪ˈeːllam# | *#pˌɑt̪ˈellɑ# | *#pəðˈeʎə# {GOLD: #pəˈeʎə#}
664    | #kwˌat̪ˈern̪um# | *#kwˌɑt̪ˈɛrn̪o# | *#kwəðˈɛ# {GOLD: #kwəðˈern̪#}
665    | #spˈatʰam# | *#ˌespˈɑtɑ# | *#əspˈaðə# {GOLD: #əspˈazə#}
666    | #t̪rˌit̪ˈaːre# | *#t̪rˌet̪ˈɑrɛ# | *#rəðˈa# {GOLD: #t̪ɾiˈa#}
667    | #vˌikˈaːt̪am# | *#vˌekˈɑt̪ɑ# | *#bəɣˈaðə# {GOLD: #bəɣˈa#}
668    | #lˌaːboraːt̪ˈoːrem# | *#lˌɑβɔrɑt̪ˈorɛ# | *#ʎəwrəðˈo# {GOLD: #ʎəwɾəðˈo#}
669    | #bˈoːt̪an̪# | *#bˈot̪ɑ# | *#bˈoðə# {GOLD: #but̪ˈa#}
670    | #brˈut̪an̪# | *#brˈot̪ɑ# | *#brˈoðə# {GOLD: #bɾut̪ˈa#}
671    | #ˌalˈawd̪am# | *#ˌɑlˈɑwd̪ɑ# | *#əlˈɔzə# {GOLD: #əlˈozə#}
672    | #lˌamprˈeːd̪am# | *#lˌɑmprˈed̪ɑ# | *#ʎəmbrˈezə# {GOLD: #ʎəmpɾˈɛzə#}
673    | #ˌin̪kˈuːd̪in̪em# | *#ˌeŋkˈud̪en̪ɛ# | *#iŋkˈuw# {GOLD: #əŋklˈuzə#}
674    | #iˌuːd̪ˈae̯um# | *#ʝˌud̪ˈɛo# | *#ʒuzˈɛ# {GOLD: #ʒuˈew#}
675    | #krˌuːd̪ˈeːlem# | *#krˌud̪ˈelɛ# | *#ɡruzˈɛl# {GOLD: #kɾuˈɛl#}
676    | #klˌawd̪ˈen̪d̪am# | *#klˌɑwd̪ˈɛn̪d̪ɑ# | *#kluzˈɛn̪ə# {GOLD: #kluˈen̪d̪ə#}
677    | #lˌaud̪ˈoːrem# | *#lˌɑod̪ˈorɛ# | *#ʎəuzˈo# {GOLD: #ʎəˈo#}
678    | #pˌed̪ˈukulum# | *#pˌɛd̪ˈoklo# | *#pəzˈoʎə# {GOLD: #pˈoʎ#}
679    | #lˈawsam# | *#lˈɑwsɑ# | *#ʎˈɔzə# {GOLD: #ʎˈɔzə#}
680    | #rˈosam# | *#rˈɔsɑ# | *#rˈɔzə# {GOLD: #rˈɔzə#}
681    | #ˌakkusˈaːre# | *#ˌɑkkosˈɑrɛ# | *#əkuzˈa# {GOLD: #əkuzˈa#}
682    | #ˌin̪kiːsˈaːmen̪# | *#ˌeŋcisˈɑmɛ# | *#iŋʃizˈam# {GOLD: #ən̪siˈam#}
683    | #rosˈellam# | *#rɔsˈɛllɑ# | *#ruzˈɛʎə# {GOLD: #ruˈeʎə#}
684    | #rˌeːsˈiːn̪am# | *#rˌesˈin̪ɑ# | *#rəzˈin̪ə# {GOLD: #rəˈin̪ə#}
685    | #rˌasˈoːrem# | *#rˌɑsˈorɛ# | *#rəzˈo# {GOLD: #rəˈo#}
686    | #rˌosˈaːt̪am# | *#rˌɔsˈɑt̪ɑ# | *#ruzˈaðə# {GOLD: #ruzˈaðə#}
687    | #fˌokˈakea# | *#fˌɔkˈɑccʝɑ# | *#fuɣˈasə# {GOLD: #fuɣˈasə#}
688    | #lˌokˈaːre# | *#lˌɔkˈɑrɛ# | *#ʎuɣˈa# {GOLD: #ʎuɣˈa#}
689    | #fˌormˈiːkam# | *#fˌɔrmˈikɑ# | *#furmˈiɣə# {GOLD: #furmˈiɣə#}
690    | #sˌekˈun̪d̪um# | *#sˌɛkˈon̪d̪o# | *#səɣˈon̪# {GOLD: #səɣˈon#}
691    | #pˈawkam# | *#pˈɑwkɑ# | *#pˈɔɣə# {GOLD: #pˈɔkə#}
692    | #fˌakˈen̪d̪a# | *#fˌɑcˈɛn̪d̪ɑ# | *#fəzˈɛn̪ə# {GOLD: #fˈɛjn̪ə#}
693    | #plˌakˈeːre# | *#plˌɑcˈerɛ# | *#pləzˈe# {GOLD: #pləˈɛ#}
694    | #d̪ˌekˈeːn̪a# | *#d̪ˌɛcˈen̪ɑ# | *#d̪izˈɛn̪ə# {GOLD: #d̪ˈɛn̪ə#}
695    | #rˈikin̪um# | *#rˈecen̪o# | *#rˈes# {GOLD: #rˈɛ#}
696    | #bˈiɡam# | *#bˈeɣɑ# | *#bˈeɣə# {GOLD: #bˈiɣə#}
697    | #d̪ˈoɡam# | *#d̪ˈɔɣɑ# | *#d̪ˈɔɣə# {GOLD: #d̪ˈɔɣə#}
698    | #rˈiɡat̪# | *#rˈeɣɑt̪# | *#rˈeɣə# {GOLD: #rˈeɣə#}
699    | #lˈiɡat̪# | *#lˈeɣɑt̪# | *#ʎˈeɣə# {GOLD: #ʎˈiɣə#}
700    | #n̪ˈeɡat̪# | *#n̪ˈɛɣɑt̪# | *#n̪ˈeɣə# {GOLD: #n̪ˈeɣə#}
701    | #rˌumiɡˈaːre# | *#rˌomeɣˈɑrɛ# | *#rumɣˈa# {GOLD: #rumiˈa#}
702    | #rˌeːɡˈaːlem# | *#rˌeɣˈɑlɛ# | *#rəɣˈal# {GOLD: #reˈal#}
703    | #rˈuɡam# | *#rˈoɣɑ# | *#rˈoɣə# {GOLD: #rˈuːə#}
704    | #pˈuɡam# | *#pˈoɣɑ# | *#pˈoɣə# {GOLD: #pˈuə#}
705    | #t̪ˈeɡulam# | *#t̪ˈɛɡlɑ# | *#t̪ˈɛʎə# {GOLD: #t̪ˈɛwlə#}
706    | #lˌeɡˈuːmen̪# | *#lˌɛɣˈumɛ# | *#ʎəɣˈum# {GOLD: #ʎəɣˈum#}
707    | #ˌawɡˈust̪um# | *#ˌɑɣˈost̪o# | *#əɣˈost̪# {GOLD: #əɣˈost#}
708    | #kwˌad̪raːɡˈeːsimam# | *#kwˌɑd̪rɑʝˈesemɑ# | *#kwiɾˈɛmə# {GOLD: #kwəɾˈɛzmə#}
709    | #bˌorrˈaɡin̪am# | *#bˌɔrrˈɑɡn̪ɑ# | *#burˈaɣn̪ə# {GOLD: #burˈajn̪ə#}
710    | #kˌoɡit̪ˈaːre# | *#kˌɔʝet̪ˈɑrɛ# | *#kuʒt̪ˈa# {GOLD: #kujt̪ˈa#}
711    | #wˌiɡilˈaːre# | *#βʷˌeɡlˈɑrɛ# | *#biʎˈa# {GOLD: #bəllˈa#}
712    | #mˌaɡˈist̪rum# | *#mˌɑʝˈest̪ro# | *#məʒˈesr# {GOLD: #mˈɛst̪ɾə#}
713    | #n̪ˌiɡˈellam# | *#n̪ˌeʝˈɛllɑ# | *#n̪iʒˈɛʎə# {GOLD: #n̪iˈeʎə#}
714    | #sˌaɡˈiːmen̪# | *#sˌɑʝˈimɛ# | *#səʒˈim# {GOLD: #səˈim#}
715    | #fˌuɡˈiːre# | *#fˌoʝˈirɛ# | *#fuʒˈi# {GOLD: #fuʒˈi#}
716    | #frˌeɡˈiːre# | *#frˌɛʝˈirɛ# | *#friʒˈi# {GOLD: #fɾəʒˈi#}
717    | #lˌeɡˈiːre# | *#lˌɛʝˈirɛ# | *#ʎiʒˈi# {GOLD: #ʎəʒˈi#}
718    | #pˌaːɡˈellum# | *#pˌɑʝˈɛllo# | *#pəʒˈɛʎ# {GOLD: #pəʒˈeʎ#}
719    | #pˌaːɡˈeːn̪sem# | *#pˌɑʝˈesɛ# | *#pəʒˈes# {GOLD: #pəʒˈɛs#}
720    | #sˌaɡˈit̪t̪am# | *#sˌɑʝˈet̪t̪ɑ# | *#səʒˈet̪ə# {GOLD: #səʒˈɛt̪ə#}
721    | #sˌiɡˈillum# | *#sˌeʝˈello# | *#siʒˈeʎ# {GOLD: #səʒˈeʎ#}
722    | #sˌaɡˈin̪um# | *#sˌɑʝˈen̪o# | *#səʒˈe# {GOLD: #səʒˈi#}
723    | #bˌorrˈaɡin̪em# | *#bˌɔrrˈɑɡn̪ɛ# | *#burˈaɣn̪ə# {GOLD: #burˈad̪ʒə#}
724    | #fˌarrˈaɡin̪em# | *#fˌɑrrˈɑɡn̪ɛ# | *#fərˈaɣn̪ə# {GOLD: #fərˈad͡ʒə#}
725    | #ˌimˈaɡin̪em# | *#ˌemˈɑɡn̪ɛ# | *#imˈaɣn̪ə# {GOLD: #imˈad͡ʒə#}
726    | #kˌalˈiɡin̪em# | *#kˌɑlˈeɡn̪ɛ# | *#kəlˈeɣn̪ə# {GOLD: #kəlˈid͡ʒə#}
727    | #fˌerrˈiɡin̪em# | *#fˌɛrrˈeɡn̪ɛ# | *#firˈeɣn̪ə# {GOLD: #fərˈid͡ʒə#}
728    | #d̪ˈieiˈowis# | *#d̪ˈixʝˈɔβʷes# | *#d̪ˈixˈɔβs# {GOLD: #d̪iʒˈɔws#}
729    | #mˌajˈore# | *#mˌɑʝˈɔrɛ# | *#məʒˈɔ# {GOLD: #məʒˈo#}
730    | #plˈojam# | *#plˈɔʝɑ# | *#plˈɔʒə# {GOLD: #plˈuʒə#}
731    | #t̪rˈojam# | *#t̪rˈɔʝɑ# | *#rˈɔʒə# {GOLD: #t̪ɾˈuʒə#}
732    | #fˌemˈellam# | *#fˌɛmˈɛllɑ# | *#fimˈɛʎə# {GOLD: #fəmˈeʎə#}
733    | #rˌumˈoːrem# | *#rˌomˈorɛ# | *#rumˈo# {GOLD: #rəmˈo#}
734    | #pˌaːn̪ˈaːrium# | *#pˌɑn̪ˈɑrʝo# | *#pən̪ˈaɾə# {GOLD: #pən̪ˈe#}
735    | #mˌin̪ˈaːre# | *#mˌen̪ˈɑrɛ# | *#min̪ˈa# {GOLD: #mən̪ˈa#}
736    | #ˌarˈat̪rum# | *#ˌɑrˈɑt̪ro# | *#əlˈa# {GOLD: #əɾˈaðə#}
737    | #wˈelam# | *#βʷˈɛlɑ# | *#bˈɛlə# {GOLD: #bˈɛlə#}
738    | #wˌolˈaːre# | *#βʷˌɔlˈɑrɛ# | *#bulˈa# {GOLD: #bulˈa#}
739    | #mˈuːlam# | *#mˈulɑ# | *#mˈulə# {GOLD: #mˈulə#}
740    | #wˌen̪ˈiːn̪um# | *#βʷˌɛn̪ˈin̪o# | *#bəɾˈi# {GOLD: #bəɾˈi#}
741    | #n̪ˌon̪ˈan̪t̪am# | *#n̪ˌɔn̪ˈɑn̪t̪ɑ# | *#luɾˈan̪t̪ə# {GOLD: #n̪uɾˈan̪t̪ə#}
742    | #bˌarkin̪ˈoːn̪em# | *#bˌɑrcen̪ˈon̪ɛ# | *#bəsəlˈo# {GOLD: #bəɾsəlˈon̪ə#}
743    | #ˌarˈat̪rum# | *#ˌɑrˈɑt̪ro# | *#əlˈa# {GOLD: #əlˈaðɾə#}
744    | #pˌarawerˈeːd̪um# | *#pˌɑrɑβʷɛrˈed̪o# | *#pəwrˈew# {GOLD: #pələfɾˈɛ#}
745    | #ˌekskˌerebrˈaːt̪um# | *#ˌɛscˌɛrɛβrˈɑt̪o# | *#əsəwrˈat̪# {GOLD: #əʃələβɾˈat̪#}
746    | #rˌoːsmarˈiːn̪um# | *#rˌosmɑrˈin̪o# | *#rujməɾˈi# {GOLD: #rumən̪ˈi#}
747    | #kˌolumn̪ˈellam# | *#kˌɔlomn̪ˈɛllɑ# | *#kuɲˈɛʎə# {GOLD: #kuɾun̪ˈeʎə#}
748    | #fˌilˈikulam# | *#fˌelˈeklɑ# | *#fiɾˈeʎə# {GOLD: #fəɾiɣˈolə#}
749    | #iˌuliˈolum# | *#ʝˌolʝˈɔlo# | *#ʒuʎˈɔl# {GOLD: #ʒuliˈɔl#}
750    | #ˌululˈaːre# | *#ˌololˈɑrɛ# | *#uʎˈa# {GOLD: #uðulˈa#}
751    | #plˈorat̪# | *#plˈɔrɑt̪# | *#plˈɔɾə# {GOLD: #plˈɔɾə#}
752    | #ˌet̪# | *#ˌɛt̪# | *#ˈɛ# {GOLD: #ɛ#}
753    | #ˌad̪# | *#ˌɑd̪# | *#ˈa# {GOLD: #ˈa#}
754    | #ˌapud̪# | *#ˌɑpod̪# | *#ˈap# {GOLD: #əm#}
755    | #hˌok# | *#hˌɔk# | *#ˈɔ# {GOLD: #u#}
756    | #n̪ˌek# | *#n̪ˌɛk# | *#n̪ˈɛ# {GOLD: #n̪i#}
757    | #sˈiːk# | *#sˈik# | *#ʃˈi# {GOLD: #sˈi#}
758    | #rˈeːs# | *#rˈes# | *#rˈes# {GOLD: #rˈɛs#}
759    | #t̪ˈabulaːs# | *#t̪ˈɑblɑs# | *#t̪ˈawləs# {GOLD: #t̪ˈawləs#}
760    | #hˈomin̪es# | *#hˈɔmen̪ɛs# | *#ˈɔmn̪əs# {GOLD: #ˈɔməs#}
761    | #ɡˈen̪us# | *#ɟˈɛn̪os# | *#ʒˈɛn̪s# {GOLD: #ʒˈen̪s#}
762    | #jˈam# | *#ʝˈɑm# | *#ʒˈa# {GOLD: #ʒˈa#}
763    | #sˈum# | *#sˈom# | *#sˈo# {GOLD: #sˈɔn̪#}
764    | #t̪ˈam# | *#t̪ˈɑm# | *#t̪ˈa# {GOLD: #t̪ˈan#}
765    | #t̪ˈuum# | *#t̪ˈoo# | *#t̪ˈu# {GOLD: #t̪un#}
766    | #sˈuum# | *#sˈoo# | *#sˈu# {GOLD: #sˈɔn#}
767    | #rˈem# | *#rˈɛm# | *#rˈɛ# {GOLD: #rˈɛn#}
768    | #pˌer# | *#pˌɛr# | *#pˈɛr# {GOLD: #pər#}
769    | #kˈor# | *#kˈɔr# | *#kˈɔr# {GOLD: #kˈɔr#}
770    | #sˈemper# | *#sˈɛmpɛr# | *#sˈɛmbrə# {GOLD: #sˈempɾə#}
771    | #ˈin̪t̪er# | *#ˈen̪t̪ɛr# | *#ˈen̪d̪r# {GOLD: #ˈen̪t̪ɾə#}
772    | #pˌaːst̪ˈoːrem# | *#pˌɑst̪ˈorɛ# | *#pəst̪ˈo# {GOLD: #pəst̪ˈo#}
773    | #sˈart̪or# | *#sˈɑrt̪ɔr# | *#sˈar# {GOLD: #sˈast̪ɾə#}
774    | #fˈimum# | *#fˈemo# | *#fˈɛm# {GOLD: #fˈem#}
775    | #plˈan̪um# | *#plˈɑn̪o# | *#plˈa# {GOLD: #plˈa#}
776    | #d̪ˌeːmˈaːn̪e# | *#d̪ˌemˈɑn̪ɛ# | *#d̪imˈa# {GOLD: #d̪əmˈa#}
777    | #prˌimˈaːrium# | *#prˌemˈɑrʝo# | *#brimˈaɾə# {GOLD: #pɾimˈe#}
778    | #mˈare# | *#mˈɑrɛ# | *#mˈar# {GOLD: #mˈar#}
779    | #kˈaːrum# | *#kˈɑro# | *#kˈar# {GOLD: #kˈar#}
780    | #pˈuːrum# | *#pˈuro# | *#pˈur# {GOLD: #pˈur#}
781    | #d̪ˈebet̪# | *#d̪ˈɛβɛt̪# | *#d̪ˈew# {GOLD: #d̪ˈɛw#}
782    | #lˈewem# | *#lˈɛβʷɛ# | *#ʎˈew# {GOLD: #ʎˈew#}
783    | #mˈowet̪# | *#mˈɔβʷɛt̪# | *#mˈɔw# {GOLD: #mˈɔw#}
784    | #n̪ˈuːd̪um# | *#n̪ˈud̪o# | *#n̪ˈuw# {GOLD: #n̪ˈu#}
785    | #pˈakem# | *#pˈɑcɛ# | *#pˈas# {GOLD: #pˈaw#}
786    | #lˈiket̪# | *#lˈecɛt̪# | *#ʎˈes# {GOLD: #ʎˈew#}
787    | #fˌeːlˈiːkem# | *#fˌelˈicɛ# | *#fəlˈis# {GOLD: #fəlˈiw#}
788    | #fˈid̪eːm# | *#fˈed̪e# | *#fˈew# {GOLD: #fˈɛ#}
789    | #kˈapum# | *#kˈɑpo# | *#kˈap# {GOLD: #kˈap#}
790    | #prˈat̪um# | *#prˈɑt̪o# | *#brˈat̪# {GOLD: #pɾˈat#}
791    | #hˌerbˈoːsum# | *#hˌɛrbˈoso# | *#ərbˈos# {GOLD: #ərbˈos#}
792    | #plˈen̪um# | *#plˈɛn̪o# | *#plˈɛ# {GOLD: #plˈɛ#}
793    | #blˈan̪kum# | *#blˈɑŋko# | *#blˈaŋk# {GOLD: #blˈaŋ#}
794    | #flˈammam# | *#flˈɑmmɑ# | *#flˈammə# {GOLD: #flˈamə#}
795    | #klˈawd̪ere# | *#klˈɑwd̪ɛrɛ# | *#klˈɔðr# {GOLD: #klˈɔwɾə#}
796    | #klˈawem# | *#klˈɑβʷɛ# | *#klˈaw# {GOLD: #klˈaw#}
797    | #brˈakhium# | *#brˈɑccʝo# | *#brˈas# {GOLD: #bɾˈas#}
798    | #frˈon̪t̪em# | *#frˈɔn̪t̪ɛ# | *#frˈon̪t̪# {GOLD: #fɾˈon#}
799    | #ɡrˈakulum# | *#ɡrˈɑklo# | *#ɡrˈaʎə# {GOLD: #ɡɾˈaʎ#}
800    | #ɡrˈossum# | *#ɡrˈɔsso# | *#ɡrˈɔs# {GOLD: #ɡɾˈɔs#}
801    | #flˈeːbilem# | *#flˈeβelɛ# | *#frˈewl# {GOLD: #fˈebblə#}
802    | #prˈen̪d̪ere# | *#prˈɛn̪d̪ɛrɛ# | *#brˈɛn̪ə# {GOLD: #pˈɛn̪d̪ɾə#}
803    | #blˌid̪ˈalem# | *#blˌed̪ˈɑlɛ# | *#brəzˈal# {GOLD: #bɾiˈal#}
804    | #frˌaɡrˈaːre# | *#frˌɑɣrˈɑrɛ# | *#frəɣlˈa# {GOLD: #fləjɾˈa#}
805    | #pluːs# | *#plus# | *#plus# {GOLD: #pˈus#}
806    | #plˌikˈaːre# | *#plˌekˈɑrɛ# | *#pləɣˈa# {GOLD: #bləɣˈa#}
807    | #d̪ˌuplikˈaːre# | *#d̪ˌoplekˈɑrɛ# | *#d̪uwləɣˈa# {GOLD: #d̪ubbləɣˈa#}
808    | #krˈassum# | *#krˈɑsso# | *#ɡrˈas# {GOLD: #ɡɾˈas#}
809    | #krˈappam# | *#krˈɑppɑ# | *#ɡrˈapə# {GOLD: #ɡɾˈapə#}
810    | #krˌaːt̪ˈaːlem# | *#krˌɑt̪ˈɑlɛ# | *#ɡrəðˈal# {GOLD: #ɡɾeˈal#}
811    | #krˌaːt̪ˈellas# | *#krˌɑt̪ˈɛllɑs# | *#ɡrəðˈɛʎəs# {GOLD: #ɡɾəˈeʎəs#}
812    | #krˌat̪t̪ˈaːre# | *#krˌɑt̪t̪ˈɑrɛ# | *#ɡrət̪ˈa# {GOLD: #ɡɾət̪ˈa#}
813    | #krˈipjam# | *#krˈepʝɑ# | *#ɡrˈiʒə# {GOLD: #ɡɾˈipiə#}
814    | #krˈypt̪am# | *#krˈept̪ɑ# | *#ɡrˈet̪ə# {GOLD: #ɡɾˈut̪ə#}
815    | #st̪ˈoream# | *#ˌest̪ˈɔrʝɑ# | *#əst̪ˈujɾə# {GOLD: #əst̪ˈoɾə#}
816    | #skˈumam# | *#ˌeskˈomɑ# | *#əskˈomə# {GOLD: #əskˈumə#}
817    | #pt̪ˌisˈan̪am# | *#pt̪ˌesˈɑn̪ɑ# | *#t̪əzˈan̪ə# {GOLD: #t̪izˈan̪ə#}
818    | #psˈalmum# | *#psˈɑɫmo# | *#sˈaɫm# {GOLD: #sˈalm#}
819    | #kˈirram# | *#cˈerrɑ# | *#sˈɛrə# {GOLD: #sˈɛrə#}
820    | #ˌabbˌiberˈaːre# | *#ˌɑbbˌeβɛrˈɑrɛ# | *#əβəwlˈa# {GOLD: #əβəwɾˈa#}
821    | #mˌit̪t̪ˈeːre# | *#mˌet̪t̪ˈerɛ# | *#mit̪ˈe# {GOLD: #mˈɛt̪ɾə#}
822    | #rˈed̪d̪ere# | *#rˈɛd̪d̪ɛrɛ# | *#rˈeðə# {GOLD: #rˈɛt̪ɾə#}
823    | #mˌammˈellam# | *#mˌɑmmˈɛllɑ# | *#məmmˈɛʎə# {GOLD: #məmˈeʎə#}
824    | #wˈakkam# | *#βʷˈɑkkɑ# | *#bˈakə# {GOLD: #bˈakə#}
825    | #bˌakkˈiːn̪um# | *#bˌɑccˈin̪o# | *#bəʃˈi# {GOLD: #bəsˈi#}
826    | #mˈassam# | *#mˈɑssɑ# | *#mˈasə# {GOLD: #mˈasə#}
827    | #ˈossam# | *#ˈɔssɑ# | *#ˈɔsə# {GOLD: #ˈɔsə#}
828    | #wˌessˈiːkam# | *#βʷˌɛssˈikɑ# | *#bəʃˈiɣə# {GOLD: #bəʃˈiɣə#}
829    | #kˌollˈiːɡere# | *#kˌɔllˈiɣrɛ# | *#kuʎˈiɣr# {GOLD: #kuʎˈi#}
830    | #ˈilla# | *#ˈellɑ# | *#ˈeʎə# {GOLD: #ˈeʎə#}
831    | #bˈan̪n̪a# | *#bˈɑn̪n̪ɑ# | *#bˈaɲə# {GOLD: #bˈaɲə#}
832    | #tʰˌun̪n̪ˈiːn̪am# | *#tˌon̪n̪ˈin̪ɑ# | *#tun̪d̪rˈin̪ə# {GOLD: #t̪uɲˈin̪ə#}
833    | #ɡrˌun̪n̪ˈiːre# | *#ɡrˌon̪n̪ˈirɛ# | *#ɡruɲˈi# {GOLD: #ɡɾuɲˈi#}
834    | #ˌarɡˈiːllam# | *#ˌɑrɟˈillɑ# | *#ərʒˈilə# {GOLD: #ərʒˈilə#}
835    | #n̪ˈiːn̪n̪am# | *#n̪ˈin̪n̪ɑ# | *#rˈin̪ə# {GOLD: #n̪ˈin̪ə#}
836    | #wˈiːllam# | *#βʷˈillɑ# | *#bˈilə# {GOLD: #bˈilə#}
837    | #st̪ˈeːllam# | *#ˌest̪ˈellɑ# | *#ist̪ˈeʎə# {GOLD: #əst̪ˈɛlə#}
838    | #pˈeːn̪n̪am# | *#pˈen̪n̪ɑ# | *#pˈeɲə# {GOLD: #pˈɛn̪ə#}
839    | #pˌarˈaːt̪or# | *#pˌɑrˈɑt̪ɔr# | *#pəlˈa# {GOLD: #pəɾˈajɾə#}
840    | #kˌapt̪ˈiwum# | *#kˌɑpt̪ˈeβʷo# | *#kət̪ˈew# {GOLD: #kəpt̪ˈiw#}
841    | #rˈupt̪am# | *#rˈopt̪ɑ# | *#rˈot̪ə# {GOLD: #rˈɔt̪ə#}
842    | #rˈupt̪um# | *#rˈopt̪o# | *#rˈot̪u# {GOLD: #rˈɔt̪#}
843    | #sˌubt̪ˈiːlem# | *#sˌobt̪ˈilɛ# | *#sut̪ˈil# {GOLD: #supt̪ˈil#}
844    | #kˌapit̪ˈalem# | *#kˌɑpet̪ˈɑlɛ# | *#kəpt̪ˈal# {GOLD: #kəbd̪ˈal#}
845    | #kˌapit̪ˈellum# | *#kˌɑpet̪ˈɛllo# | *#kəpt̪ˈɛʎ# {GOLD: #kəbd̪ˈeʎ#}
846    | #kˌapit̪ˈaːre# | *#kˌɑpet̪ˈɑrɛ# | *#kəpt̪ˈa# {GOLD: #kəpt̪ˈa#}
847    | #rˌeput̪ˈaːre# | *#rˌɛpot̪ˈɑrɛ# | *#rəpt̪ˈa# {GOLD: #rəpt̪ˈa#}
848    | #mˌalehˈabit̪um# | *#mˌɑlʝˈɑβet̪o# | *#məʎˈawt̪# {GOLD: #məlˈal#}
849    | #kˈubit̪um# | *#kˈoβet̪o# | *#kˈowt̪# {GOLD: #kˈolzə#}
850    | #kˈapsam# | *#kˈɑpsɑ# | *#kˈapsə# {GOLD: #kˈapsə#}
851    | #ˌabsˈolwere# | *#ˌɑbsˈɔɫβʷɛrɛ# | *#əβsˈɔɫbə# {GOLD: #əpsˈɔld̪ɾə#}
852    | #kˈapra# | *#kˈɑprɑ# | *#kˈawrə# {GOLD: #kˈaβɾə#}
853    | #ˌaprˌikˈaːre# | *#ˌɑprˌekˈɑrɛ# | *#əwrəɣˈa# {GOLD: #əβɾiɣˈa#}
854    | #ˈoperam# | *#ˈɔpɛrɑ# | *#ˈɔprə# {GOLD: #ˈɔβɾə#}
855    | #kˌuperˈaːre# | *#kˌopɛrˈɑrɛ# | *#kuʎˈa# {GOLD: #kuβɾˈa#}
856    | #lˈepram# | *#lˈɛprɑ# | *#ʎˈewrə# {GOLD: #lˈepɾə#}
857    | #prˈoprium# | *#prˈɔprʝo# | *#blˈɔʒə# {GOLD: #pɾˈɔpi#}
858    | #kˈuprum# | *#kˈopro# | *#kˈowrə# {GOLD: #kˈowɾə#}
859    | #fˈabrum# | *#fˈɑβro# | *#fˈawrə# {GOLD: #fˈaβɾə#}
860    | #fˈabrikam# | *#fˈɑβrekɑ# | *#fˈawrəɣə# {GOLD: #fˈaβɾəɣə#}
861    | #pˈalpebram# | *#pˌɑɫpˈɛβrɑ# | *#pəɫpˈewrə# {GOLD: #pərpˈeʎə#}
862    | #n̪ˈit̪id̪am# | *#n̪ˈet̪ed̪ɑ# | *#n̪ˈet̪ə# {GOLD: #n̪ˈɛt̪ə#}
863    | #pˈut̪id̪am# | *#pˈot̪ed̪ɑ# | *#pˈot̪ə# {GOLD: #pˈut̪ə#}
864    | #fˈat̪id̪am# | *#fˈɑt̪ed̪ɑ# | *#fˈat̪ə# {GOLD: #fˈaðə#}
865    | #pˈat̪in̪am# | *#pˈɑt̪en̪ɑ# | *#pˈaɲə# {GOLD: #pˈan̪n̪ə#}
866    | #kˈut̪in̪am# | *#kˈot̪en̪ɑ# | *#kˈoɲə# {GOLD: #kˈon̪n̪ə#}
867    | #rˈeːt̪in̪as# | *#rˈet̪en̪ɑs# | *#rˈeɲəs# {GOLD: #rˈeŋn̪əs#}
868    | #pˈat̪rem# | *#pˈɑt̪rɛ# | *#pˈar# {GOLD: #pˈaɾə#}
869    | #maːt̪rem# | *#mɑt̪rɛ# | *#mər# {GOLD: #mˈaɾə#}
870    | #pˈet̪ram# | *#pˈɛt̪rɑ# | *#pˈɛɾə# {GOLD: #pˈeðɾə#}
871    | #d̪ˌeːrˈet̪roː# | *#d̪ˌerˈɛt̪ro# | *#d̪ilˈɛ# {GOLD: #d̪ərˈeɾə#}
872    | #pˌat̪rˈast̪rum# | *#pˌɑt̪rˈɑst̪ro# | *#pəlˈasr# {GOLD: #pəðˈast̪ɾə#}
873    | #pˌet̪rˈaːrium# | *#pˌɛt̪rˈɑrʝo# | *#pəlˈaɾə# {GOLD: #pəðɾˈe#}
874    | #prˌesbyt̪ˈerium# | *#prˌɛsbet̪ˈɛrʝo# | *#briwt̪ˈɛɾə# {GOLD: #pɾəβˈeɾə#}
875    | #pˌat̪rˈiːn̪um# | *#pˌɑt̪rˈin̪o# | *#pəɾˈi# {GOLD: #pəðɾˈi#}
876    | #lˈat̪roː# | *#lˈɑt̪ro# | *#ʎˈar# {GOLD: #ʎˈaðɾə#}
877    | #n̪ˌut̪rˈiːre# | *#n̪ˌot̪rˈirɛ# | *#n̪ulˈi# {GOLD: #n̪uðɾˈi#}
878    | #pˌat̪rˈaːlem# | *#pˌɑt̪rˈɑlɛ# | *#pəɾˈal# {GOLD: #pəjɾˈal#}
879    | #pˌet̪rˈaːrium# | *#pˌɛt̪rˈɑrʝo# | *#pəlˈaɾə# {GOLD: #pəjɾˈe#}
880    | #pˌat̪rˈiːn̪um# | *#pˌɑt̪rˈin̪o# | *#pəɾˈi# {GOLD: #pəjɾˈi#}
881    | #kwˌad̪rˈaːn̪t̪aː# | *#kwˌɑd̪rˈɑn̪t̪ɑ# | *#kwəɾˈan̪t̪ə# {GOLD: #kwəɾˈan̪t̪ə#}
882    | #kwˈad̪rum# | *#kwˈɑd̪ro# | *#kwˈar# {GOLD: #kˈajɾə#}
883    | #kwˌad̪rˈoːn̪em# | *#kwˌɑd̪rˈon̪ɛ# | *#kwəɾˈo# {GOLD: #kəjɾˈo#}
884    | #kwˌad̪rˈellum# | *#kwˌɑd̪rˈɛllo# | *#kwəɾˈɛʎ# {GOLD: #kəjɾˈeʎ#}
885    | #kˈad̪ere# | *#kˈɑd̪ɛrɛ# | *#kˈaðr# {GOLD: #kˈawɾə#}
886    | #krˈeːd̪ere# | *#krˈed̪ɛrɛ# | *#ɡˈeðr# {GOLD: #kɾˈɛwɾə#}
887    | #hˈed̪eram# | *#hˈɛd̪ɛrɑ# | *#ˈeðrə# {GOLD: #ˈɛwɾə#}
888    | #d̪ˈoːd̪eke# | *#d̪ˈod̪ɛcɛ# | *#d̪ˈow# {GOLD: #d̪ˈod͡zə#}
889    | #mˌed̪ikˈiːn̪am# | *#mˌɛd̪ecˈin̪ɑ# | *#məd͡zˈin̪ə# {GOLD: #məd͡zˈin̪ə#}
890    | #iˌuːd̪ikˈaːre# | *#ʝˌud̪ekˈɑrɛ# | *#ʒuðkˈa# {GOLD: #ʒud͡ʒˈa#}
891    | #ˌad̪wˌiːsˈaːre# | *#ˌɑd̪βʷˌisˈɑrɛ# | *#əðbizˈa# {GOLD: #əβizˈa#}
892    | #hˌered̪it̪ˈaːt̪em# | *#hˌɛrɛd̪et̪ˈɑt̪ɛ# | *#ərt̪ˈat̪# {GOLD: #əɾət̪ˈat#}
893    | #ˌae̯st̪imˈaːre# | *#ˌɛst̪emˈɑrɛ# | *#əst̪əmˈa# {GOLD: #əjmˈa#}
894    | #ˌaleːmˈosyn̪am# | *#ˌɑlemˈɔsen̪ɑ# | *#əmˈujn̪ə# {GOLD: #əlmˈɔjn̪ə#}
895    | #mˌan̪sion̪ˈaːt̪am# | *#mˌɑsʝɔn̪ˈɑt̪ɑ# | *#məzun̪ˈaðə# {GOLD: #məjn̪ˈaðə#}
896    | #d̪ˌisiuːn̪ˈaːre# | *#d̪ˌesʝen̪ˈɑrɛ# | *#d̪əzən̪ˈa# {GOLD: #d̪in̪ˈa#}
897    | #d̪ˌiskˈipulum# | *#d̪ˌescˈeplo# | *#d̪isˈewlu# {GOLD: #d̪əʃˈɛbblə#}
898    | #d̪ˌiskiplˈiːn̪am# | *#d̪ˌesceplˈin̪ɑ# | *#d̪əsəwlˈin̪ə# {GOLD: #d̪əʃuplˈin̪ə#}
899    | #wˈespam# | *#βʷˈɛspɑ# | *#bˈespə# {GOLD: #bˈespə#}
900    | #pˌiskˈaːre# | *#pˌeskˈɑrɛ# | *#pəskˈa# {GOLD: #pəskˈa#}
901    | #kwˌassikˈaːre# | *#kwˌɑssekˈɑrɛ# | *#kwəsəɣˈa# {GOLD: #kəskˈa#}
902    | #fˈiːkt̪am# | *#fˈixt̪ɑ# | *#fˈijðə# {GOLD: #fˈit̪ə#}
903    | #fˈakt̪am# | *#fˈɑxt̪ɑ# | *#fˈeðə# {GOLD: #fˈet̪ə#}
904    | #d̪ˌirˈeːkt̪am# | *#d̪ˌerˈext̪ɑ# | *#d̪iɾˈeðə# {GOLD: #d̪ɾˈɛt̪ə#}
905    | #kˈokt̪am# | *#kˈɔxt̪ɑ# | *#kˈujðə# {GOLD: #kˈujt̪ə#}
906    | #mˌakt̪ˈaːre# | *#mˌɑxt̪ˈɑrɛ# | *#məðˈa# {GOLD: #mət̪ˈa#}
907    | #rˌukt̪ˈaːre# | *#rˌoxt̪ˈɑrɛ# | *#ruðˈa# {GOLD: #rut̪ˈa#}
908    | #lˈikit̪am# | *#lˈecet̪ɑ# | *#ʎˈest̪ə# {GOLD: #ʎˈɛwðə#}
909    | #wˌokit̪ˈaːre# | *#βʷˌɔket̪ˈɑrɛ# | *#bukt̪ˈa# {GOLD: #bujðˈa#}
910    | #mˈakrum# | *#mˈɑkro# | *#mˈaɣrə# {GOLD: #mˈaɣɾə#}
911    | #sˈokrum# | *#sˈɔkro# | *#sˈɔɣrə# {GOLD: #sˈɔɣɾə#}
912    | #kˌikerˈoːn̪em# | *#cˌecɛrˈon̪ɛ# | *#əsrˈo# {GOLD: #siwɾˈo#}
913    | #mˌakerˈaːre# | *#mˌɑkɛrˈɑrɛ# | *#məʎˈa# {GOLD: #məwɾˈa#}
914    | #n̪ˈokere# | *#n̪ˈɔkɛrɛ# | *#n̪ˈɔkr# {GOLD: #n̪ˈɔwɾə#}
915    | #plˈakere# | *#plˈɑkrɛ# | *#plˈaɣrə# {GOLD: #plˈawɾə#}
916    | #ˌaɡran̪iˈoːn̪em# | *#ˌɑɣrɑn̪ʝˈon̪ɛ# | *#əɣrəlˈo# {GOLD: #əɾəɲˈo#}
917    | #pˌiɡrˈit̪iam# | *#pˌeɣrˈet͡sʲʝɑ# | *#piɣrˈezə# {GOLD: #pəɾˈɛzə#}
918    | #n̪ˈiɡram# | *#n̪ˈeɣrɑ# | *#n̪ˈeɣrə# {GOLD: #n̪ˈɛɣɾə#}
919    | #flˈaɡrat̪# | *#flˈɑɣrɑt̪# | *#flˈaɣrə# {GOLD: #flˈajɾə#}
920    | #ˌaːksˈillam# | *#ˌɑxsˈellɑ# | *#əʃˈeʎə# {GOLD: #əʃˈeʎə#}
921    | #ˌeksˈiːre# | *#ˌɛxsˈirɛ# | *#əʃˈi# {GOLD: #əʃˈi#}
922    | #ˌeksˈamen̪# | *#ˌɛxsˈɑmɛ# | *#əʃˈam# {GOLD: #əʃˈam#}
923    | #ˌeksˈaɡium# | *#ˌɛxsˈɑʝʝo# | *#əʃˈaʒi# {GOLD: #əsˈat͡ʃ#}
924    | #iˌaːkˈoːmum# | *#ʝˌɑkˈomo# | *#ʒəɣˈom# {GOLD: #ʒˈawmə#}
925    | #pʰlˈeɡmam# | *#plˈɛwmɑ# | *#plˈɛwmə# {GOLD: #flˈɛwmə#}
926    | #ˌaɡn̪ˈellum# | *#ˌɑŋn̪ˈɛllo# | *#əɲˈɛʎ# {GOLD: #əɲˈeʎ#}
927    | #lˈiɡn̪am# | *#lˈeŋn̪ɑ# | *#ʎˈeɲə# {GOLD: #ʎˈeɲə#}
928    | #ˌiɡn̪orˈaːre# | *#ˌeŋn̪ɔrˈɑrɛ# | *#iɲlˈa# {GOLD: #əɲuɾˈa#}
929    | #sˌiɡn̪ˈalem# | *#sˌeŋn̪ˈɑlɛ# | *#siɲˈal# {GOLD: #səɲˈal#}
930    | #pˌuɡn̪ˈaːre# | *#pˌoŋn̪ˈɑrɛ# | *#puɲˈa# {GOLD: #puɲˈa#}
931    | #frˈiɡid̪am# | *#frˈeɡd̪ɑ# | *#frˈezə# {GOLD: #fɾˈɛðə#}
932    | #fˌiɡikˈaːre# | *#fˌeʝekˈɑrɛ# | *#fiʒkˈa# {GOLD: #fikˈa#}
933    | #d̪ˌamn̪ˈaːre# | *#d̪ˌɑmn̪ˈɑrɛ# | *#d̪əɲˈa# {GOLD: #d̪əɲˈa#}
934    | #d̪ˌamn̪ˈoːsum# | *#d̪ˌɑmn̪ˈoso# | *#d̪əɲˈos# {GOLD: #d̪əɲˈos#}
935    | #fˈeːmin̪am# | *#fˈemen̪ɑ# | *#fˈɛmn̪ə# {GOLD: #fˈembra#}
936    | #sˌemin̪ˈaːre# | *#sˌɛmen̪ˈɑrɛ# | *#simn̪ˈa# {GOLD: #səmbɾˈa#}
937    | #kˌommun̪ikˈaːre# | *#kˌɔmmon̪ekˈɑrɛ# | *#kummun̪kˈa# {GOLD: #kumbɾəɣˈa#}
938    | #lamin̪am# | *#lɑmen̪ɑ# | *#ʎəmən̪ə# {GOLD: #ʎˈawn̪ə#}
939    | #kˈambam# | *#kˈɑmbɑ# | *#kˈamə# {GOLD: #kˈamə#}
940    | #kˌolumbˈaːrium# | *#kˌɔlombˈɑrʝo# | *#kumˈaɾə# {GOLD: #kulumˈe#}
941    | #kˈumbam# | *#kˈombɑ# | *#kˈomə# {GOLD: #kˈomə#}
942    | #ˌumbilˈiːkum# | *#ˌombelˈiko# | *#uməlˈik# {GOLD: #məlˈik#}
943    | #ˌampˈullam# | *#ˌɑmpˈollɑ# | *#əmpˈoʎə# {GOLD: #əmpˈoʎə#}
944    | #t̪rˌiumpʰˈaːre# | *#t̪rˌeompˈɑrɛ# | *#riumpˈa# {GOLD: #t̪ɾiumfˈa#}
945    | #mˌin̪imˈaːre# | *#mˌen̪emˈɑrɛ# | *#mərmˈa# {GOLD: #mərmˈa#}
946    | #ˈan̪imam# | *#ˈɑn̪emɑ# | *#ˈarmə# {GOLD: #ˈarmə#}
947    | #fˌon̪t̪an̪ˈellam# | *#fˌɔn̪t̪ɑn̪ˈɛllɑ# | *#furt̪ən̪ˈɛʎə# {GOLD: #fun̪t̪ən̪ˈeʎə#}
948    | #kˌon̪fˈekt̪um# | *#kˌɔn̪fˈɛxt̪o# | *#kun̪fˈɛjt̪# {GOLD: #kumfˈit#}
949    | #ˌin̪fˈan̪t̪em# | *#ˌen̪fˈɑn̪t̪ɛ# | *#ərfˈan̪t̪# {GOLD: #iɱfˈan#}
950    | #ˌin̪fˈern̪um# | *#ˌen̪fˈɛrn̪o# | *#in̪fˈɛ# {GOLD: #iɱfˈɛrn#}
951    | #ˌin̪wˈid̪iam# | *#ˌen̪βʷˈeʝʝɑ# | *#in̪bˈiʒə# {GOLD: #əmbˈɛʒə#}
952    | #kˌon̪wen̪ˈiːre# | *#kˌɔn̪βʷɛn̪ˈirɛ# | *#kurbən̪ˈi# {GOLD: #kumbən̪ˈi#}
953    | #ˌin̪wit̪ˈaːre# | *#ˌen̪βʷet̪ˈɑrɛ# | *#in̪bəðˈa# {GOLD: #imbit̪ˈa#}
954    | #kˌan̪d̪ˈeːlam# | *#kˌɑn̪d̪ˈelɑ# | *#kən̪ˈɛlə# {GOLD: #kən̪ˈɛlə#}
955    | #d̪ˌeːman̪d̪ˈaːre# | *#d̪ˌemɑn̪d̪ˈɑrɛ# | *#d̪imn̪ˈa# {GOLD: #d̪əmən̪ˈa#}
956    | #fˈun̪d̪am# | *#fˈon̪d̪ɑ# | *#fˈon̪ə# {GOLD: #fˈon̪ə#}
957    | #rˌot̪ˈun̪d̪am# | *#rˌɔt̪ˈon̪d̪ɑ# | *#ruðˈon̪ə# {GOLD: #ruðˈon̪ə#}
958    | #spˈon̪d̪am# | *#ˌespˈɔn̪d̪ɑ# | *#əspˈɔn̪ə# {GOLD: #əspˈon̪ə#}
959    | #st̪ˈun̪d̪am# | *#ˌest̪ˈon̪d̪ɑ# | *#əst̪ˈon̪ə# {GOLD: #əst̪ˈon̪ə#}
960    | #wˈen̪d̪un̪t̪# | *#βʷˈɛn̪d̪on̪t̪# | *#bˈɛrd̪ə# {GOLD: #bˈɛn̪ən̪#}
961    | #ɡˌerˈun̪d̪am# | *#ɟˌɛrˈon̪d̪ɑ# | *#ʒəɾˈon̪ə# {GOLD: #ʒiɾˈon̪ə#}
962    | #kˌoːn̪d̪omˈiːn̪am# | *#kˌon̪d̪ɔmˈin̪ɑ# | *#kun̪umˈin̪ə# {GOLD: #kuɾumˈin̪ə#}
963    | #lˌen̪d̪ˈin̪em# | *#lˌɛn̪d̪ˈen̪ɛ# | *#ʎird̪ˈe# {GOLD: #ʎˈemən̪ə#}
964    | #ˌad̪d̪en̪sˈaːre# | *#ˌɑd̪d̪ɛn̪sˈɑrɛ# | *#əðəzˈa# {GOLD: #əðəzˈa#}
965    | #kˌoːn̪suˈeːre# | *#kˌoswˈerɛ# | *#kuzwˈe# {GOLD: #kuzˈi#}
966    | #ˌin̪kˈen̪sa# | *#ˌeŋcˈesɑ# | *#iŋsˈezə# {GOLD: #ən̪sˈɛzə#}
967    | #pˌen̪sˈaːre# | *#pˌɛn̪sˈɑrɛ# | *#pəzˈa# {GOLD: #pəzˈa#}
968    | #t̪ˌon̪sˈorias# | *#t̪ˌɔn̪sˈɔrʝɑs# | *#t̪uzˈujɾəs# {GOLD: #t̪izˈoɾəs#}
969    | #lˌon̪ɡan̪ˈikiam# | *#lˌɔŋɡɑn̪ˈeccʝɑ# | *#ʎuŋɡən̪ˈesə# {GOLD: #ʎuŋɡən̪ˈisə#}
970    | #sˌyːrˈin̪ɡam# | *#sˌirˈeŋɡɑ# | *#ʃiɾˈeŋɡə# {GOLD: #ʃəɾˈiŋɡə#}
971    | #lˌan̪ɡuˈoːrem# | *#lˌɑŋɡwˈorɛ# | *#ʎəŋɡwˈo# {GOLD: #ʎəŋɡˈo#}
972    | #ˌin̪ɡuˌin̪ˈaːlem# | *#ˌeŋɡwˌen̪ˈɑlɛ# | *#iŋɡwən̪ˈal# {GOLD: #əŋɡun̪ˈal#}
973    | #sˌan̪ɡuin̪ˈeːn̪t̪um# | *#sˌɑŋɡwen̪ˈen̪t̪o# | *#səŋɡwəɾˈɛn̪t̪# {GOLD: #səŋɡun̪ˈen#}
974    | #plˈan̪ɡere# | *#plˈɑŋɟɛrɛ# | *#plˈaɲr# {GOLD: #plˈaɲə#}
975    | #fˈin̪ɡere# | *#fˈeŋɟɛrɛ# | *#fˈeɲr# {GOLD: #fˈɛɲə#}
976    | #t̪ˌin̪ɡˈeːre# | *#t̪ˌeŋɟˈerɛ# | *#t̪iɲˈe# {GOLD: #t̪əɲˈi#}
977    | #brˈan̪kam# | *#brˈɑŋkɑ# | *#brˈaŋkə# {GOLD: #bɾˈaŋkə#}
978    | #ˈan̪kʰoram# | *#ˈɑŋkɔrɑ# | *#ˈaŋkuɾə# {GOLD: #ˈaŋkuɾə#}
979    | #mˌan̪kˈiːpum# | *#mˌɑŋcˈipo# | *#məŋʃˈip# {GOLD: #məsˈip#}
980    | #ˌin̪kˈen̪sum# | *#ˌeŋcˈeso# | *#iŋˈes# {GOLD: #ən̪sˈɛn̪s#}
981    | #ˌin̪kept̪ˈaːre# | *#ˌeŋcɛpt̪ˈɑrɛ# | *#iŋsət̪ˈa# {GOLD: #ən̪sət̪ˈa#}
982    | #ˈalbam# | *#ˈɑɫbɑ# | *#ˈaɫbə# {GOLD: #ˈalβə#}
983    | #fˈald̪am# | *#fˈɑɫd̪ɑ# | *#fˈaɫd̪ə# {GOLD: #fˈald̪ə#}
984    | #mˈult̪am# | *#mˈoɫt̪ɑ# | *#mˈoɫt̪ə# {GOLD: #mˈolt̪ə#}
985    | #mˌult̪ˈoːn̪em# | *#mˌoɫt̪ˈon̪ɛ# | *#muɫt̪ˈo# {GOLD: #mult̪ˈo#}
986    | #wˌolt̪ˈaːre# | *#βʷˌɔɫt̪ˈɑrɛ# | *#buɫt̪ˈa# {GOLD: #bult̪ˈa#}
987    | #wˈolwam# | *#βʷˈɔɫβʷɑ# | *#bˈɔɫbə# {GOLD: #bˈɔlβə#}
988    | #kˈalkeam# | *#kˈɑɫcʝɑ# | *#kˈaɫsə# {GOLD: #kˈalsə#}
989    | #ˌawskult̪ˈaːre# | *#ˌɑwskoɫt̪ˈɑrɛ# | *#uskuɫt̪ˈa# {GOLD: #əskult̪ˈa#}
990    | #pˌalpˈaːre# | *#pˌɑɫpˈɑrɛ# | *#pəɫpˈa# {GOLD: #pəlpˈa#}
991    | #ˌawskult̪ˈaːre# | *#ˌɑwskoɫt̪ˈɑrɛ# | *#uskuɫt̪ˈa# {GOLD: #əskut̪ˈa#}
992    | #pˌulikˈoːn̪em# | *#pˌolekˈon̪ɛ# | *#pukˈo# {GOLD: #puɣˈo#}
993    | #kˈolpum# | *#kˈɔɫpo# | *#kˈɔɫp# {GOLD: #kˈɔp#}
994    | #pˈalmum# | *#pˈɑɫmo# | *#pˈaɫm# {GOLD: #pˈam#}
995    | #bˈarbam# | *#bˈɑrbɑ# | *#bˈarbə# {GOLD: #bˈarbə#}
996    | #mˌart̪ˈellum# | *#mˌɑrt̪ˈɛllo# | *#mərt̪ˈɛʎ# {GOLD: #mərt̪ˈeʎ#}
997    | #pˌerd̪ˈiːkem# | *#pˌɛrd̪ˈicɛ# | *#pərd̪ˈis# {GOLD: #pərd̪ˈiw#}
998    | #wˈirɡam# | *#βʷˈerɡɑ# | *#bˈɛrɡə# {GOLD: #bˈɛrɡə#}
999    | #pˌort̪ion̪ˈaːrium# | *#pˌɔrt͡sʲʝɔn̪ˈɑrʝo# | *#pusun̪ˈaɾə# {GOLD: #pərsun̪ˈe#}
1000   | #fˈerulam# | *#fˈɛrlɑ# | *#fˈɛrlə# {GOLD: #fˈɛrlə#}
1001   | #pˈeːrulam# | *#pˈerlɑ# | *#pˈɛrlə# {GOLD: #pˈɛrlə#}
1002   | #bˈursam# | *#bˈorsɑ# | *#bˈosə# {GOLD: #bˈosə#}
1003   | #wˌersˈaːre# | *#βʷˌɛrsˈɑrɛ# | *#bəsˈa# {GOLD: #bəsˈa#}
1004   | #ˌarbit̪rˈaːre# | *#ˌɑrbet̪rˈɑrɛ# | *#ərbəlˈa# {GOLD: #əlβiɾˈa#}
1005   | #hˌeribˈerɡum# | *#hˌɛreβˈɛrɡo# | *#iβˈɛrk# {GOLD: #əlβˈɛrk#}
1006   | #d̪ˈuplum# | *#d̪ˈoplo# | *#d̪ˈowlu# {GOLD: #d̪ˈobblə#}
1007   | #rˌeplˈeːre# | *#rˌɛplˈerɛ# | *#riwlˈe# {GOLD: #rəbblˈi#}
1008   | #mˌan̪ˈuplum# | *#mˌɑn̪ˈoplo# | *#mən̪ˈowlu# {GOLD: #mən̪ˈoʎ#}
1009   | #pˈoːpulum# | *#pˈoplo# | *#pˈowlu# {GOLD: #pˈoʎ#}
1010   | #kˈoːpulam# | *#kˈoplɑ# | *#kˈowlə# {GOLD: #kˈɔʎə#}
1011   | #kˈoːpulam# | *#kˈoplɑ# | *#kˈowlə# {GOLD: #kˈobblə#}
1012   | #n̪ˈebulam# | *#n̪ˈɛblɑ# | *#n̪ˈewlə# {GOLD: #n̪ˈewlə#}
1013   | #sˈibilat̪# | *#sˈeβelɑt̪# | *#sˈewlə# {GOLD: #sˈiwlə#}
1014   | #st̪ˈabulum# | *#ˌest̪ˈɑblo# | *#əst̪ˈawlu# {GOLD: #əst̪ˈabblə#}
1015   | #mˈoːbilem# | *#mˈoβelɛ# | *#mˈowl# {GOLD: #mˈɔbblə#}
1016   | #n̪ˈobilem# | *#n̪ˈɔβelɛ# | *#n̪ˈɔwl# {GOLD: #n̪ˈɔbblə#}
1017   | #mˌiːrˈaːkulum# | *#mˌirˈɑklo# | *#miɾˈaʎə# {GOLD: #miɾˈaklə#}
1018   | #sˈae̯kulum# | *#sˈɛklo# | *#sˈɛʎə# {GOLD: #sˈeɡɡlə#}
1019   | #iˌokulˈaːre# | *#ʝˌɔkolˈɑrɛ# | *#ʒuʎˈa# {GOLD: #ʒuɡɡlˈa#}
1020   | #ˈiːn̪sulam# | *#ˈisolɑ# | *#ˈilə# {GOLD: #ˈiʎə#}
1021   | #kwˈat̪ilam# | *#kwˈɑt̪elɑ# | *#kwˈaʎə# {GOLD: #ɡwˈaʎʎə#}
1022   | #rˌot̪ulˈaːre# | *#rˌɔt̪olˈɑrɛ# | *#ruʎˈa# {GOLD: #ruʎʎˈa#}
1023   | #ˌamˈid̪d̪ulam# | *#ˌɑmˈed̪d̪lɑ# | *#əmˈeðʎə# {GOLD: #əmmˈɛʎʎə#}
1024   | #mˈod̪ulum# | *#mˈɔd̪lo# | *#mˈɔʎə# {GOLD: #mˈɔʎʎə#}
1025   | #wˈiɡilat̪# | *#βʷˈeɡlɑt̪# | *#bˈeʎə# {GOLD: #bˈɛʎʎə#}
1026   | #est̪# | *#ɛst̪# | *#əs# {GOLD: #ˈes#}
1027   | #kˈan̪t̪an̪t̪# | *#kˈɑn̪t̪ɑn̪t̪# | *#kˈart̪ə# {GOLD: #kˈan̪t̪ən̪#}
1028   | #ˈopus# | *#ˈɔpos# | *#ˈɔps# {GOLD: #ˈɔps#}
1029   | #pˈan̪es# | *#pˈɑn̪ɛs# | *#pˈan̪s# {GOLD: #pˈan̪s#}
1030   | #wˈoles# | *#βʷˈɔlɛs# | *#bˈɔs# {GOLD: #bˈɔls#}
1031   | #kˌan̪t̪ˈat̪is# | *#kˌɑn̪t̪ˈɑt̪es# | *#kən̪t̪ˈat̪s# {GOLD: #kən̪t̪ˈat̪s#}
1032   | #kˈippum# | *#cˈeppo# | *#sˈepu# {GOLD: #sˈɛp#}
1033   | #sˈikkum# | *#sˈekko# | *#sˈeku# {GOLD: #sˈɛk#}
1034   | #rˌeːwˈersum# | *#rˌeβʷˈɛrso# | *#riβˈes# {GOLD: #rəβˈes#}
1035   | #frˈiskum# | *#frˈesko# | *#frˈesk# {GOLD: #fɾˈɛsk#}
1036   | #t̪rˌiˈumpʰum# | *#t̪rˌeˈompo# | *#rˈomp# {GOLD: #t̪ɾiˈomf#}
1037   | #fˈirmum# | *#fˈermo# | *#fˈɛrm# {GOLD: #fˈɛrm#}
1038   | #kˈorn̪um# | *#kˈɔrn̪o# | *#kˈɔr# {GOLD: #kˈorn#}
1039   | #kˌohˈoːrt̪em# | *#kˈort̪ɛ# | *#kˈort̪# {GOLD: #kˈort#}
1040   | #sˈerpem# | *#sˈɛrpɛ# | *#sˈɛrp# {GOLD: #sˈerp#}
1041   | #kˌast̪ˈellum# | *#kˌɑst̪ˈɛllo# | *#kəst̪ˈɛʎ# {GOLD: #kəst̪ˈeʎ#}
1042   | #pˈullum# | *#pˈollo# | *#pˈoʎ# {GOLD: #pˈoʎ#}
1043   | #fˌen̪ˈukulum# | *#fˌɛn̪ˈoklo# | *#fin̪ˈoʎə# {GOLD: #fən̪ˈoʎ#}
1044   | #pˌerˈiːkulum# | *#pˌɛrˈiklo# | *#pəɾˈilə# {GOLD: #pəɾˈiʎ#}
1045   | #kˌolˈumbum# | *#kˌɔlˈombo# | *#kulˈom# {GOLD: #kulˈom#}
1046   | #lˈimbum# | *#lˈembo# | *#ʎˈem# {GOLD: #ʎˈim#}
1047   | #lˈumbum# | *#lˈombo# | *#ʎˈom# {GOLD: #ʎˈom#}
1048   | #ɡrˈan̪d̪em# | *#ɡrˈɑn̪d̪ɛ# | *#ɡrˈan̪# {GOLD: #ɡɾˈan#}
1049   | #ˈamplum# | *#ˈɑmplo# | *#ˈamblu# {GOLD: #ˈamplə#}
1050   | #sklˈoppum# | *#ˌesklˈɔppo# | *#əʃʎˈɔpu# {GOLD: #əsklˈɔp#}
1051   | #kˈon̪t̪raː# | *#kˈɔn̪t̪rɑ# | *#kˈon̪d̪rə# {GOLD: #kˈɔn̪t̪ɾə#}
1052   | #kˈon̪ɡrum# | *#kˈɔŋɡro# | *#kˈoŋɡru# {GOLD: #kˈoŋɡɾə#}
1053   | #d̪ˈiemˈerkuris# | *#d̪ˈeɛmˈɛrkores# | *#d̪ˈɛəmˈekuɾəs# {GOLD: #d̪imˈekɾəs#}
1054   | #ˈest̪is# | *#ˈɛst̪es# | *#ˈest̪əs# {GOLD: #ˈet̪s#}
1055   | #mˈarmorem# | *#mˈɑrmɔrɛ# | *#mˈarmə# {GOLD: #mˈarbɾə#}
1056   | #ˌae̯st̪imˈaːre# | *#ˌɛst̪emˈɑrɛ# | *#əst̪əmˈa# {GOLD: #əzmˈa#}
1057   | #kˌampsˈaːre# | *#kˌɑmpsˈɑrɛ# | *#kəmsˈa# {GOLD: #kən̪sˈa#}
1058   | #ˌekskˈarpsum# | *#ˌɛskˈɑrpso# | *#əskˈasu# {GOLD: #əskˈas#}
1059   | #ˈun̪d̪ekem# | *#ˈon̪d̪ɛcɛ# | *#ˈon̪əs# {GOLD: #ˈon̪zə#}
1060   | #kwˌat̪t̪uˈord̪ekem# | *#kwˌɑt̪t̪wˈɔrd̪ɛcɛ# | *#kwət̪ˈɔrd̪əs# {GOLD: #kət̪ˈorzə#}
1061   | #kˌoˈaɡulum# | *#kˌɔˈɑɡlo# | *#kˈaʎə# {GOLD: #kwˈaʎ#}
1062   | #kwˈan̪d̪um# | *#kwˈɑn̪d̪o# | *#kwˈan̪# {GOLD: #kwˈan#}
1063   | #kwˈan̪t̪um# | *#kwˈɑn̪t̪o# | *#kwˈan̪t̪# {GOLD: #kwˈan#}
1064   | #kwˈart̪um# | *#kwˈɑrt̪o# | *#kwˈart̪# {GOLD: #kwˈart#}
1065   | #kwˈat̪t̪uor# | *#kwˈɑt̪t̪wɔr# | *#kwˈat̪rə# {GOLD: #kwˈat̪ɾə#}
1066   | #kwˌid̪# | *#kwˌed̪# | *#kwˈe# {GOLD: #kə#}
1067   | #kwˈiːn̪d̪ekem# | *#kwˈin̪d̪ɛcɛ# | *#kwˈin̪əs# {GOLD: #kin̪zˈɛ#}
1068   | #kwˈoːmod̪oː# | *#kˈomɔd̪o# | *#kˈomt̪# {GOLD: #kˈɔm#}
1069   | #kwˈiːn̪kwe# | *#cˈiŋkwɛ# | *#ʃˈiŋkwə# {GOLD: #sˈiŋ#}
1070   | #ˌae̯kwˈaːlem# | *#ˌɛkwˈɑlɛ# | *#əɣwˈal# {GOLD: #iɣwˈal#}
1071   | #kwˌiːn̪kwˈaːn̪t̪a# | *#cˌiŋkwˈɑn̪t̪ɑ# | *#ʃiŋkwˈan̪t̪ə# {GOLD: #siŋkwˈan̪t̪ə#}
1072   | #ˈeɡua# | *#ˈɛɣwɑ# | *#ˈeɣwə# {GOLD: #ˈeɣwə#}
1073   | #pˈaskuam# | *#pˈɑskwɑ# | *#pˈaskwə# {GOLD: #pˈaskwə#}
1074   | #sˌekwˈeːre# | *#sˌɛkwˈerɛ# | *#siɣwˈe# {GOLD: #səɣˈi#}
1075   | #ˌɑn̪ɡuˈiːllɑ# | *#ˌɑŋɡwˈillɑ# | *#əŋɡwˈilə# {GOLD: #əŋɡˈilə#}
1076   | #kˈokwet̪# | *#kˈɔkwɛt̪# | *#kˈɔɣwə# {GOLD: #kˈɔw#}
1077   | #kˌokwˈiːn̪am# | *#kˌɔkwˈin̪ɑ# | *#kuɣwˈin̪ə# {GOLD: #kˈujn̪ə#}
1078   | #d̪ˌist̪in̪ɡuˈeːre# | *#d̪ˌest̪eŋɡwˈerɛ# | *#d̪əst̪əŋɡwˈe# {GOLD: #d̪ist̪iɲʒˈi#}
1079   | #kˌen̪suˈalem# | *#cˌeswˈɑlɛ# | *#səzwˈal# {GOLD: #sən̪sˈal#}
1080   | #bˈat̪t̪uere# | *#bˈɑt̪t̪wɛrɛ# | *#bˈat̪ə# {GOLD: #bˈat̪ɾə#}
1081   | #fˈut̪t̪uere# | *#fˈot̪t̪wɛrɛ# | *#fˈot̪ə# {GOLD: #fˈot̪ɾə#}
1082   | #kˌon̪fluˈen̪t̪em# | *#kˌɔn̪flwˈɛn̪t̪ɛ# | *#kun̪flˈɛn̪t̪# {GOLD: #kuɱflˈen#}
1083   | #fˌebruˈarium# | *#fˌɛβrwˈɑrʝo# | *#fəwlˈaɾə# {GOLD: #fəβɾˈe#}
1084   | #mˈort̪uam# | *#mˈɔrt̪wɑ# | *#mˈɔrt̪ə# {GOLD: #mˈɔrt̪ə#}
1085   | #ˌan̪n̪uˈaːlem# | *#ˌɑn̪n̪wˈɑlɛ# | *#əɲˈal# {GOLD: #əɲˈal#}
1086   | #jˌan̪ˈarium# | *#ʝˌɑn̪ˈɑrʝo# | *#ʒən̪ˈaɾə# {GOLD: #ʒən̪ˈe#}
1087   | #mˌan̪uˈoperam# | *#mˌɑn̪wˈɔpɛrɑ# | *#mən̪ˈɔprə# {GOLD: #mən̪ˈɔβɾə#}
1088   | #ˌabbrˌewiˈaːre# | *#ˌɑbbrˌɛʝˈɑrɛ# | *#əwrəʒˈa# {GOLD: #əβɾəwʒˈa#}
1089   | #ˌaɡɡrˌewiˈaːre# | *#ˌɑɡɡrˌɛʝˈɑrɛ# | *#əɣrəʒˈa# {GOLD: #əɣɾəwʒˈa#}
1090   | #ˌallˌewiˈaːre# | *#ˌɑllˌɛʝˈɑrɛ# | *#əʎəʒˈa# {GOLD: #əʎəwʒˈa#}
1091   | #lˌewiˈarium# | *#lˌɛʝˈɑrʝo# | *#ʎiʒˈaɾə# {GOLD: #ʎəwʒˈe#}
1092   | #ɡlˈad̪ium# | *#ɡlˈɑʝʝo# | *#ɡlˈaʒi# {GOLD: #ɡlˈaβi#}
1093   | #n̪ˈowium# | *#n̪ˈɔʝo# | *#n̪ˈɔi# {GOLD: #n̪ˈuβi#}
1094   | #sˈalwiam# | *#sˈɑɫʝɑ# | *#sˈaɫə# {GOLD: #sˈalβiə#}
1095   | #sˈepiam# | *#sˈɛpʝɑ# | *#sˈeʒə# {GOLD: #sˈipiə#}
1096   | #kˌambiˈaːre# | *#kˌɑmbʝˈɑrɛ# | *#kəmˈa# {GOLD: #kəmbiˈa#}
1097   | #ˈalweum# | *#ˈɑɫʝo# | *#ˈaɫə# {GOLD: #ˈɔβi#}
1098   | #hˈabeat̪# | *#hˈɑbʝɑt̪# | *#ˈaʒə# {GOLD: #ˈaʒə#}
1099   | #rˈubeam# | *#rˈobʝɑ# | *#rˈoʒə# {GOLD: #rˈɔʒə#}
1100   | #bˈawbium# | *#bˈɑwbʝo# | *#bˈɔʒu# {GOLD: #bˈɔt͡ʃ#}
1101   | #hˈabeoː# | *#hˈɑbʝo# | *#ˈaʒu# {GOLD: #ˈat͡ʃ#}
1102   | #sˌubplˈuwium# | *#sˌobplˈoʝo# | *#suwlˈoi# {GOLD: #suplˈut͡ʃ#}
1103   | #ˌakut̪iˈaːre# | *#ˌɑkot͡sʲʝˈɑrɛ# | *#əksˈa# {GOLD: #əɣuzˈa#}
1104   | #ˌat̪t̪it̪iˈaːre# | *#ˌɑt̪t̪et͡sʲʝˈɑrɛ# | *#ət̪əzˈa# {GOLD: #ət̪iˈa#}
1105   | #lˌaborat̪iˈoːn̪em# | *#lˌɑβɔrɑt͡sʲʝˈon̪ɛ# | *#ʎəwrəzˈo# {GOLD: #ʎəwɾˈo#}
1106   | #pˌart̪it̪iˈoːn̪em# | *#pˌɑrt̪et͡sʲʝˈon̪ɛ# | *#pərt̪əzˈo# {GOLD: #pərt̪iˈo#}
1107   | #prˌet̪iˈaːre# | *#prˌɛt͡sʲʝˈɑrɛ# | *#brəzˈa# {GOLD: #pɾeˈa#}
1108   | #sˌat̪iˈoːn̪em# | *#sˌɑt͡sʲʝˈon̪ɛ# | *#səzˈo# {GOLD: #səˈo#}
1109   | #t̪ˌiːt̪iˈoːn̪em# | *#t̪ˌit͡sʲʝˈon̪ɛ# | *#t̪izˈo# {GOLD: #t̪iˈo#}
1110   | #ˌarbˈut̪eam# | *#ˌɑrbˈot͡sʲʝɑ# | *#ərbˈozə# {GOLD: #ərbˈosə#}
1111   | #kˌapˈit̪iam# | *#kˌɑpˈet͡sʲʝɑ# | *#kəβˈezə# {GOLD: #kəβˈɛsə#}
1112   | #kˌapˈuːt̪iat̪# | *#kˌɑpˈut͡sʲʝɑt̪# | *#kˈuzə# {GOLD: #kəβˈusə#}
1113   | #mˈat̪eam# | *#mˈɑt͡sʲʝɑ# | *#mˈazə# {GOLD: #mˈasə#}
1114   | #pˈet̪t̪iam# | *#pˈɛt̪t͡sʲʝɑ# | *#pˈesə# {GOLD: #pˈesə#}
1115   | #plˈat̪t̪eam# | *#plˈɑt̪t͡sʲʝɑ# | *#plˈasə# {GOLD: #plˈasə#}
1116   | #d̪ˌalmˈat̪ium# | *#d̪ˌɑɫmˈɑt͡sʲʝo# | *#d̪əɫmˈas# {GOLD: #d̪əlmˈaw#}
1117   | #spˈat̪ium# | *#ˌespˈɑt͡sʲʝo# | *#əspˈas# {GOLD: #əspˈaj#}
1118   | #sˌerwˈit̪ium# | *#sˌɛrβʷˈet͡sʲʝo# | *#sirbˈes# {GOLD: #sərbˈɛj#}
1119   | #mˌalˈit̪iam# | *#mˌɑlˈet͡sʲʝɑ# | *#məlˈezə# {GOLD: #məlˈɛzə#}
1120   | #iˌust̪ˈit̪iam# | *#ʝˌost̪ˈet͡sʲʝɑ# | *#ʒust̪ˈezə# {GOLD: #ʒust̪ˈisiə#}
1121   | #mˌalˈit̪iam# | *#mˌɑlˈet͡sʲʝɑ# | *#məlˈezə# {GOLD: #məlˈisiə#}
1122   | #kˌat̪t̪eˈon̪em# | *#kˌɑt̪t͡sʲʝˈɔn̪ɛ# | *#kəsˈɔ# {GOLD: #kəsˈo#}
1123   | #lˌin̪t̪eˈolum# | *#lˌen̪t͡sʲʝˈɔlo# | *#ʎin̪sˈɔl# {GOLD: #ʎən̪sˈɔl#}
1124   | #mˌat̪t̪iˈaːn̪am# | *#mˌɑt̪t͡sʲʝˈɑn̪ɑ# | *#məsˈan̪ə# {GOLD: #məsˈan̪ə#}
1125   | #ˌalt̪iˈaːre# | *#ˌɑɫt͡sʲʝˈɑrɛ# | *#əɫsˈa# {GOLD: #əlsˈa#}
1126   | #lˈin̪t̪eam# | *#lˈen̪t͡sʲʝɑ# | *#ʎˈen̪sə# {GOLD: #ʎˈɛn̪sə#}
1127   | #fˈort̪iam# | *#fˈɔrt͡sʲʝɑ# | *#fˈɔsə# {GOLD: #fˈɔrsə#}
1128   | #mˈort̪ium# | *#mˈɔrt͡sʲʝo# | *#mˈɔs# {GOLD: #mˈars#}
1129   | #kˌapt̪iˈaːre# | *#kˌɑpt͡sʲʝˈɑrɛ# | *#kəsˈa# {GOLD: #kəsˈa#}
1130   | #n̪ˈopt̪ias# | *#n̪ˈɔpt͡sʲʝɑs# | *#n̪ˈɔəs# {GOLD: #n̪ˈɔsəs#}
1131   | #kˌapit̪iˈaːlem# | *#kˌɑpet͡sʲʝˈɑlɛ# | *#kəpsˈal# {GOLD: #kəpsˈal#}
1132   | #kˌapit̪iˈan̪am# | *#kˌɑpet͡sʲʝˈɑn̪ɑ# | *#kəpsˈan̪ə# {GOLD: #kəpsˈan̪ə#}
1133   | #ˌekskapit̪iˈaːre# | *#ˌɛskɑpet͡sʲʝˈɑrɛ# | *#əskəpsˈa# {GOLD: #əskəpsˈa#}
1134   | #ˈad̪jut̪at̪# | *#ˈɑʝʝot̪ɑt̪# | *#ˈaʒuðə# {GOLD: #əʒˈuðə#}
1135   | #pˌod̪iˈaːre# | *#pˌɔʝʝˈɑrɛ# | *#puʒˈa# {GOLD: #puʒˈa#}
1136   | #t̪rˌimˈod̪ia# | *#t̪rˌemˈɔʝʝɑ# | *#rimˈɔʒə# {GOLD: #t̪ɾəmˈuʒə#}
1137   | #wˌid̪eˈaːmus# | *#βʷˌeʝʝˈɑmos# | *#biʒˈams# {GOLD: #bəʒˈam#}
1138   | #wˈad̪ioː# | *#βʷˈɑʝʝo# | *#bˈaʒi# {GOLD: #bˈat͡ʃ#}
1139   | #fˌaɡeˈolum# | *#fˌɑʝʝˈɔlo# | *#fəʒˈɔl# {GOLD: #fəʒˈɔl#}
1140   | #spˈon̪ɡiam# | *#ˌespˈɔŋɟʝɑ# | *#əspˈɔɲə# {GOLD: #əspˈɔɲʒə#}
1141   | #sˈaɡioː# | *#sˈɑʝʝo# | *#sˈaʒi# {GOLD: #sˈat͡ʃ#}
1142   | #wˌirid̪iˈaːrium# | *#βʷˌereʝʝˈɑrʝo# | *#bijɾˈaɾə# {GOLD: #bərʒˈe#}
1143   | #hˌord̪eˈolum# | *#hˌɔrɟʝˈɔlo# | *#urʒˈɔl# {GOLD: #musˈɔl#}
1144   | #ˈod̪ium# | *#ˈɔʝʝo# | *#ˈɔʒi# {GOLD: #ˈɔði#}
1145   | #fˌormˈat̪ikum# | *#fˌɔrmˈɑt̪eko# | *#furmˈat̪k# {GOLD: #furmˈad͡ʒə#}
1146   | #hˌae̯rˈet̪ikum# | *#hˌɛrˈɛt̪eko# | *#iɾˈet̪k# {GOLD: #əɾˈed͡ʒə#}
1147   | #pˈed̪ikum# | *#pˈɛd̪eko# | *#pˈeðk# {GOLD: #pˈed͡ʒə#}
1148   | #sˌilwˈat̪ikum# | *#sˌeɫβʷˈɑt̪eko# | *#səɫbˈat̪k# {GOLD: #səlβˈad͡ʒə#}
1149   | #mˈan̪d̪ikat̪# | *#mˈɑn̪d̪ekɑt̪# | *#mˈan̪əɣə# {GOLD: #mˈeɲʒə#}
1150   | #wˈin̪d̪ikat̪# | *#βʷˈen̪d̪ekɑt̪# | *#bˈɛn̪əɣə# {GOLD: #bˈɛɲʒə#}
1151   | #pˈort̪ikum# | *#pˈɔrt̪eko# | *#pˈɔrt̪ək# {GOLD: #pˈɔrʃu#}
1152   | #pˈert̪ikam# | *#pˈɛrt̪ekɑ# | *#pˈɛrt̪əɣə# {GOLD: #pˈɛrʃə#}
1153   | #kˌamˈisiam# | *#kˌɑmˈesʝɑ# | *#kəmˈezə# {GOLD: #kəmˈizə#}
1154   | #lˈawseam# | *#lˈɑwsʝɑ# | *#ʎˈɔzə# {GOLD: #ʎˈɔzə#}
1155   | #pʰˌaseˈolum# | *#pˌɑsʝˈɔlo# | *#pəzˈɔl# {GOLD: #fəzˈɔl#}
1156   | #krˈasseum# | *#krˈɑssʝo# | *#ɡrˈazu# {GOLD: #ɡɾˈeʃ#}
1157   | #ɡrˈossium# | *#ɡrˈɔssʝo# | *#ɡrˈɔzu# {GOLD: #ɡɾˈuʃ#}
1158   | #ˌakiˈarium# | *#ˌɑccʝˈɑrʝo# | *#əsˈaɾə# {GOLD: #əsˈer#}
1159   | #ˌeːriːkiˈoːn̪em# | *#ˌericcʝˈon̪ɛ# | *#əsˈo# {GOLD: #əɾisˈo#}
1160   | #kˌalkeˈaːre# | *#kˌɑɫcʝˈɑrɛ# | *#kəɫsˈa# {GOLD: #kəlsˈa#}
1161   | #ɡˌallin̪ˈakeam# | *#ɡˌɑllen̪ˈɑccʝɑ# | *#ɡəʎən̪ˈasə# {GOLD: #ɡəʎin̪ˈasə#}
1162   | #iˌuːd̪ˈikium# | *#ʝˌud̪ˈeccʝo# | *#ʒuzˈes# {GOLD: #ʒuðˈisi#}
1163   | #pˌeriˌuːd̪ˈikium# | *#pˌɛrʝˌud̪ˈeccʝo# | *#pijɾuzˈes# {GOLD: #pərʒuðˈisi#}
1164   | #fˌakˈen̪d̪am# | *#fˌɑcˈɛn̪d̪ɑ# | *#fəzˈɛn̪ə# {GOLD: #fəˈen̪ə#}
1165   | #ˌaskiˈaːt̪am# | *#ˌɑscʝˈɑt̪ɑ# | *#əsˈaðə# {GOLD: #əʃˈaðə#}
1166   | #ˌaskiˈolum# | *#ˌɑscʝˈɔlo# | *#əsˈɔl# {GOLD: #əʃˈɔl#}
1167   | #rˌoskiˈaːt̪um# | *#rˌɔscʝˈɑt̪o# | *#rusˈat̪# {GOLD: #ruʃˈat#}
1168   | #kˌommeˈaːt̪um# | *#kˌɔmmʝˈɑt̪o# | *#kumˈat̪# {GOLD: #kumiˈat#}
1169   | #sˈiːmium# | *#sˈimʝo# | *#ʃˈimə# {GOLD: #sˈimi#}
1170   | #wˌin̪d̪ˈeːmiam# | *#βʷˌen̪d̪ˈemʝɑ# | *#bin̪ˈɛmiə# {GOLD: #bəɾˈɛmə#}
1171   | #wˌin̪d̪emiˈaːre# | *#βʷˌen̪d̪ɛmʝˈɑrɛ# | *#bin̪əmˈa# {GOLD: #bəɾəmˈa#}
1172   | #lˈiːn̪eam# | *#lˈin̪ʝɑ# | *#ʎˈin̪ə# {GOLD: #ʎˈiɲə#}
1173   | #mˌon̪t̪ˈan̪eam# | *#mˌɔn̪t̪ˈɑn̪ʝɑ# | *#murt̪ˈaɲə# {GOLD: #mun̪t̪ˈaɲə#}
1174   | #sˌen̪iˈoːrem# | *#sˌɛn̪ʝˈorɛ# | *#siɲˈo# {GOLD: #səɲˈo#}
1175   | #kˌan̪ˈon̪ikum# | *#kˌɑn̪ˈɔn̪eko# | *#kəɾˈon̪k# {GOLD: #kən̪ˈɔɲʒə#}
1176   | #d̪ˌomˈin̪ikum# | *#d̪ˌɔmˈen̪eko# | *#d̪umˈɛn̪k# {GOLD: #d̪umˈeɲʒə#}
1177   | #mˈon̪ikum# | *#mˈɔn̪eko# | *#mˈon̪k# {GOLD: #mˈɔɲʒu#}
1178   | #ˈallium# | *#ˈɑllʝo# | *#ˈaʎ# {GOLD: #ˈaʎ#}
1179   | #koːn̪sˈilium# | *#kosˈelʝo# | *#kuzˈeʎ# {GOLD: #kun̪sˈɛʎ#}
1180   | #d̪ˈoːlium# | *#d̪ˈolʝo# | *#d̪ˈoʎ# {GOLD: #d̪ˈoʎ#}
1181   | #fˈilium# | *#fˈelʝo# | *#fˈeʎ# {GOLD: #fˈiʎ#}
1182   | #min̪ist̪erˈaːlem# | *#men̪est̪ɛrˈɑlɛ# | *#min̪əst̪əɾˈal# {GOLD: #mən̪əst̪ɾˈal#}
1183   | #klˌariˈaːn̪am# | *#klˌɑrʝˈɑn̪ɑ# | *#kləɾˈan̪ə# {GOLD: #kləɾiˈan̪ə#}
1184   | #klˌawd̪iˈan̪us# | *#klˌɑwʝʝˈɑn̪os# | *#kluʒˈan̪s# {GOLD: #ɡluɾiˈan̪əs#}
1185   | #bˈarrium# | *#bˈɑrrʝo# | *#bˈɛɾə# {GOLD: #bˈari#}
1186   | #kˌurreˈoːlam# | *#kˌorrʝˈolɑ# | *#kujɾˈolə# {GOLD: #kuriˈɔlə#}
1187   | #wˌaskˈellum# | *#βʷˌɑscˈɛllo# | *#bəsˈɛʎ# {GOLD: #bəʃˈeʎ#}
1188   | #pˌereɡrˈiːn̪um# | *#pˌɛrɛɣrˈin̪o# | *#pəɣrˈi# {GOLD: #pələɣɾˈi#}
1189   | #lˈat̪roː# | *#lˈɑt̪ro# | *#ʎˈar# {GOLD: #ʎˈaðrə#}
1190   | #lˌat̪rˈoːn̪em# | *#lˌɑt̪rˈon̪ɛ# | *#ʎəɾˈo# {GOLD: #ʎəðrˈo#}
1191   | #pˈullam# | *#pˈollɑ# | *#pˈoʎə# {GOLD: #pˈoʎə#}
1192   | #t̪ˈappum# | *#t̪ˈɑppo# | *#t̪ˈapu# {GOLD: #t̪ˈap#}
1193   | #t̪ˌeɡmˈoːn̪em# | *#t̪ˌɛwmˈon̪ɛ# | *#t̪əwmˈo# {GOLD: #t̪imˈo#}
1194   | #wˈiskum# | *#βʷˈesko# | *#bˈesk# {GOLD: #bˈɛsk#}
1195   | #ˌad̪id̪ˈipsum# | *#ˌɑd̪ed̪ˈepso# | *#əðˈepsu# {GOLD: #əðˈes#}
1196   | #ˌad̪lˌon̪ɡˈaːre# | *#ˌɑd̪lˌɔŋɡˈɑrɛ# | *#əʎuŋˈa# {GOLD: #əʎuɲˈa#}
1197   | #ˌad̪plˌikˈare# | *#ˌɑd̪plˌekˈɑrɛ# | *#əðbləɣˈa# {GOLD: #əpləɣˈa#}
1198   | #ˌad̪prˈope# | *#ˌɑd̪prˈɔpɛ# | *#əðbrˈɔp# {GOLD: #apɾˈɔp#}
1199   | #wˈiskum# | *#βʷˈesko# | *#bˈesk# {GOLD: #bˈɛsk#}
1200   | #ˌabˌan̪t̪eˈaːre# | *#ˌɑβˌɑn̪t͡sʲʝˈɑrɛ# | *#əβən̪sˈa# {GOLD: #əβənsˈa#}
1201   | #ˌabˈant̪ius# | *#ˌɑβˈɑnt͡sʲʝos# | *#əβˈanus# {GOLD: #əβˈans#}
1202   | #ˌabbˈaːt̪em# | *#ˌɑbbˈɑt̪ɛ# | *#əβˈat̪# {GOLD: #əβˈat̪#}
1203   | #ˌabellˈaːn̪am# | *#ˌɑβɛllˈɑn̪ɑ# | *#əβʎˈan̪ə# {GOLD: #əβəʎˈan̪a#}
1204   | #ˈaːbilem# | *#ˈɑβelɛ# | *#ˈawl# {GOLD: #ˈabblə#}
1205   | #ˌabrˈot̪on̪um# | *#ˌɑβrˈɔt̪ɔn̪o# | *#əwrˈɔt̪# {GOLD: #bɾˈɔjðə#}
1206   | #ˌad̪# | *#ˌɑd̪# | *#ˈa# {GOLD: #ə#}
1207   | #ˌad̪iˌuːt̪ˈaːre# | *#ˌɑʝʝˌut̪ˈɑrɛ# | *#əʒuðˈa# {GOLD: #əʒuðˈa#}
1208   | #ˌad̪iˌuːt̪ˈaːre# | *#ˌɑʝʝˌut̪ˈɑrɛ# | *#əʒuðˈa# {GOLD: #əjðˈa#}
1209   | #ˌad̪kˌollˈiɡere# | *#ˌɑd̪kˌɔllˈeɣrɛ# | *#əðkuʎˈeɣr# {GOLD: #əkuʎˈi#}
1210   | #ˌad̪kˌord̪ˈaːre# | *#ˌɑd̪kˌɔrd̪ˈɑrɛ# | *#əðkuðˈa# {GOLD: #əkurd̪ˈa#}
1211   | #ˌakiˈaːrium# | *#ˌɑccʝˈɑrʝo# | *#əsˈaɾə# {GOLD: #əsˈer#}
1212   | #ˌakrifˈolum# | *#ˌɑkrefˈɔlo# | *#əɣrəfˈɔl# {GOLD: #ɡɾɛβˈul#}
1213   | #ˈaːkrum# | *#ˈɑkro# | *#ˈaɣrə# {GOLD: #ˈaɣɾə#}
1214   | #ˌakˈuːkulam# | *#ˌɑkˈuklɑ# | *#əɣˈuʎə# {GOLD: #əɣˈuʎə#}
1215   | #ˌakˌuːkulˈaːrium# | *#ˌɑkˌukolˈɑrʝo# | *#əɣuʎˈaɾə# {GOLD: #əɣuʎˈe#}
1216   | #ˌakˌuːleˈoːn̪em# | *#ˌɑkˌulʝˈon̪ɛ# | *#əɣuʎˈo# {GOLD: #əɣuʎˈo#}
1217   | #ˌakuːt̪ˈaːre# | *#ˌɑket̪ˈɑrɛ# | *#əkt̪ˈa# {GOLD: #əɣuˈa#}
1218   | #ˌakuːt̪iˈaːre# | *#ˌɑcet͡sʲʝˈɑrɛ# | *#əsˈa# {GOLD: #əɣuzˈa#}
1219   | #ˌakˈuːt̪um# | *#ˌɑkˈut̪o# | *#əɣˈut̪# {GOLD: #əɣˈut̪#}
1220   | #ˌekskˌappˈaːre# | *#ˌɛskˌɑppˈɑrɛ# | *#əskəpˈa# {GOLD: #əskəpˈa#}
1221   | #ˌekskˈarpsum# | *#ˌɛskˈɑrpso# | *#əskˈasu# {GOLD: #əskˈas#}
1222   | #sˈiːmiam# | *#sˈimʝɑ# | *#ʃˈimiə# {GOLD: #ʃimə#}